2026-09-12 08:27:38 ===== BRIDGE START  v1.5.5  pid=18704  log=C:\Users\robin\Downloads\ZeroScript-Free-1.5.5\ZeroScript-Free-1.5.5\logs\bridge_debug.log =====
2026-09-12 08:27:39 configured 1 MCP server(s): roblox
2026-09-12 08:27:39 listening on ws://127.0.0.1:17613  - load the extension and open a supported AI chat
2026-09-12 08:27:39 [roblox] launching  (C:\Users\robin\AppData\Local\Programs\Python\Python314\python.exe C:\Users\robin\Downloads\ZeroScript-Free-1.5.5\ZeroScript-Free-1.5.5\launch_studio_mcp.py)
2026-09-12 08:27:39 [roblox] stderr: launch_studio_mcp: using C:\Users\robin\AppData\Local\Roblox\Versions\version-93202a13414c4131\StudioMCP.exe
2026-09-12 08:27:39 [roblox] MCP server up  (28 tools advertised)
2026-09-12 08:27:39 extension connected  (127.0.0.1)  [1 client(s)]
2026-09-12 08:27:41 ready 28 tools available - Roblox Studio connected
2026-09-12 08:32:45 -> tool  list_roblox_studios()
2026-09-12 08:32:45 <- list_roblox_studios (0.0s): {"studios":[{"id":"24cc3834-f0b7-4269-a045-dd223fba1b2d","name":"Flight Simulato
2026-09-12 08:34:51 -> tool  search_game_tree(datamodel_type, max_depth, head_limit, studio_id)
2026-09-12 08:34:51 <- search_game_tree (0.0s): Note: Output limited to 500 nodes (results truncated)  [{"fullPath":"Place2","na
2026-09-12 08:39:31 -> tool  script_read(target_file)
2026-09-12 08:39:31 <- script_read (0.0s): sabuiltin_Assistant.rbxm.Assistant.Packages._Index.AssistantUI.AssistantUI.Tools
2026-09-12 08:39:34 -> tool  search_game_tree(datamodel_type, max_depth, head_limit)
2026-09-12 08:39:34 <- search_game_tree (0.0s): Note: Output limited to 200 nodes (results truncated)  [{"fullPath":"Place2","na
2026-09-12 08:39:44 -> tool  execute_luau(datamodel_type, code)
2026-09-12 08:39:44 <- execute_luau (0.1s): {"root":"ReplicatedStorage.AirportSystem","remotes":10,"srv":"ServerScriptServic
2026-09-12 08:40:07 -> tool  multi_edit(datamodel_type, file_path, className, edits)
2026-09-12 08:40:08 <- multi_edit (0.1s): Created ObjectConfig (ModuleScript) with 1 edits applied
2026-09-12 08:40:15 -> tool  multi_edit(datamodel_type, className, edits, file_path)
2026-09-12 08:40:15 <- multi_edit (0.1s): Created AirportConfig (ModuleScript) with 1 edits applied
2026-09-12 08:40:22 -> tool  multi_edit(datamodel_type, className, edits, file_path)
2026-09-12 08:40:22 <- multi_edit (0.1s): Created Utility (ModuleScript) with 1 edits applied
2026-09-12 08:40:37 -> tool  multi_edit(datamodel_type, className, edits, file_path)
2026-09-12 08:40:37 <- multi_edit (0.1s): Created AssetBuilder (ModuleScript) with 1 edits applied
2026-09-12 08:41:02 -> tool  multi_edit(datamodel_type, className, edits, file_path)
2026-09-12 08:41:02 <- multi_edit (0.1s): Created PlotService (ModuleScript) with 1 edits applied
2026-09-12 08:41:10 -> tool  multi_edit(datamodel_type, className, edits, file_path)
2026-09-12 08:41:10 <- multi_edit (0.1s): Created PlacementService (ModuleScript) with 1 edits applied
2026-09-12 08:41:18 -> tool  multi_edit(datamodel_type, className, edits, file_path)
2026-09-12 08:41:18 <- multi_edit (0.1s): Created EconomyService (ModuleScript) with 1 edits applied
2026-09-12 08:41:24 -> tool  multi_edit(datamodel_type, className, edits, file_path)
2026-09-12 08:41:24 <- multi_edit (0.1s): Created SaveService (ModuleScript) with 1 edits applied
2026-09-12 08:41:35 -> tool  multi_edit(datamodel_type, className, edits, file_path)
2026-09-12 08:41:35 <- multi_edit (0.1s): Created AirportServer (Script) with 1 edits applied
2026-09-12 08:41:45 -> tool  multi_edit(datamodel_type, className, edits, file_path)
2026-09-12 08:41:45 <- multi_edit (0.1s): Created FlightService (ModuleScript) with 1 edits applied
2026-09-12 08:41:53 -> tool  multi_edit(datamodel_type, className, edits, file_path)
2026-09-12 08:41:53 <- multi_edit (0.1s): Created PassengerService (ModuleScript) with 1 edits applied
2026-09-12 08:42:08 -> tool  multi_edit(datamodel_type, className, edits, file_path)
2026-09-12 08:42:08 <- multi_edit (0.1s): Created BuildController (LocalScript) with 1 edits applied
2026-09-12 08:42:27 -> tool  multi_edit(datamodel_type, className, edits, file_path)
2026-09-12 08:42:27 <- multi_edit (0.1s): Created AirportUI (LocalScript) with 1 edits applied
2026-09-12 08:42:32 -> tool  multi_edit(datamodel_type, file_path, edits)
2026-09-12 08:42:32 <- multi_edit (0.1s): Modified AirportUI (LocalScript) with 1 edits applied
2026-09-12 08:42:37 -> tool  get_console_output()
2026-09-12 08:42:37 <- get_console_output (0.0s): cloud_98896107805157.GUIPresetPlugin.DownloadableScripts.UIAnimationCLIENT:1: at
2026-09-12 08:42:42 -> tool  execute_luau(datamodel_type, code)
2026-09-12 08:42:42 <- execute_luau (0.1s): {"ObjectConfigOK":true,"client":{"1":"BuildController:LocalScript","2":"AirportU
2026-09-12 08:42:46 -> tool  start_stop_play(is_start)
2026-09-12 08:42:50 <- start_stop_play (3.7s): Game Started
2026-09-12 08:42:54 -> tool  get_console_output()
2026-09-12 08:42:54 <- get_console_output (0.0s): [AirportSystem] Server online. DataStore available: true cloud_98896107805157.GU
2026-09-12 08:43:01 -> tool  execute_luau(datamodel_type, code)
2026-09-12 08:43:01 <- execute_luau (0.0s): Edit datamodel is not available in Play mode
2026-09-12 08:43:05 -> tool  start_stop_play(is_start)
2026-09-12 08:43:06 <- start_stop_play (1.1s): Game Stopped
2026-09-12 08:43:10 -> tool  execute_luau(datamodel_type, code)
2026-09-12 08:43:10 <- execute_luau (0.1s): removed BuildController LocalScript
2026-09-12 08:43:24 -> tool  multi_edit(datamodel_type, className, file_path, edits)
2026-09-12 08:43:25 <- multi_edit (0.1s): Created BuildController (ModuleScript) with 1 edits applied
2026-09-12 08:43:29 -> tool  multi_edit(datamodel_type, file_path, edits)
2026-09-12 08:43:29 <- multi_edit (0.1s): Modified AirportServer (Script) with 1 edits applied
2026-09-12 08:43:34 -> tool  multi_edit(datamodel_type, file_path, edits)
2026-09-12 08:43:34 <- multi_edit (0.1s): Modified BuildController (ModuleScript) with 1 edits applied
2026-09-12 08:43:39 -> tool  multi_edit(datamodel_type, file_path, edits)
2026-09-12 08:43:39 <- multi_edit (0.1s): Modified BuildController (ModuleScript) with 1 edits applied
2026-09-12 08:43:42 -> tool  start_stop_play(is_start)
2026-09-12 08:43:45 <- start_stop_play (2.9s): Game Started
2026-09-12 08:43:49 -> tool  get_console_output()
2026-09-12 08:43:49 <- get_console_output (0.0s): [AirportSystem] Server online. DataStore available: true cloud_98896107805157.GU
2026-09-12 08:43:53 -> tool  script_read(target_file, start_line_one_indexed, end_line_one_indexed_inclusive, should_read_entire_file)
2026-09-12 08:43:53 <- script_read (0.0s):    255→toast.Position = UDim2.new(0.5, -160, 0, 100)    256→toast.BackgroundColo
2026-09-12 08:43:58 -> tool  start_stop_play(is_start)
2026-09-12 08:43:59 <- start_stop_play (1.0s): Game Stopped
2026-09-12 08:44:03 -> tool  multi_edit(datamodel_type, file_path, edits)
2026-09-12 08:44:03 <- multi_edit (0.1s): Modified AirportUI (LocalScript) with 1 edits applied
2026-09-12 08:44:07 -> tool  script_grep(query)
2026-09-12 08:44:07 <- script_grep (0.0s): Path: StarterPlayer.StarterPlayerScripts.AirportClient.AirportUI | Line: 238 | t
2026-09-12 08:44:11 -> tool  script_read(target_file, start_line_one_indexed, end_line_one_indexed_inclusive, should_read_entire_file)
2026-09-12 08:44:11 <- script_read (0.0s):    238→	b.Font = Enum.Font.GothamBold    239→	b.TextSize = 14    240→	b.Parent =
2026-09-12 08:44:15 -> tool  start_stop_play(is_start)
2026-09-12 08:44:18 <- start_stop_play (2.9s): Game Started
2026-09-12 08:44:21 -> tool  get_console_output()
2026-09-12 08:44:21 <- get_console_output (0.0s): [AirportSystem] Server online. DataStore available: true [AirportUI] loaded clou
2026-09-12 08:44:26 -> tool  execute_luau(datamodel_type, code)
2026-09-12 08:44:27 <- execute_luau (0.1s): {"hasPlotData":false,"plotCount":1}
2026-09-12 08:44:32 -> tool  execute_luau(datamodel_type, code)
2026-09-12 08:44:32 <- execute_luau (0.1s): {"players":{"1":"RobinNoe171111:1838966444"},"Boundary":"Part","spawn":"256, 0.5
2026-09-12 08:44:38 -> tool  execute_luau(datamodel_type, code)
2026-09-12 08:44:38 <- execute_luau (0.1s): {"direct":"false","count":0,"plrId":1838966444}
2026-09-12 08:44:46 -> tool  execute_luau(datamodel_type, code)
2026-09-12 08:44:46 <- execute_luau (0.1s): {"charPos":"256.00390625, 3.9297475814819336, 12.00018310546875","spawnPos":"256
2026-09-12 08:44:57 -> tool  execute_luau(datamodel_type, code)
2026-09-12 08:44:58 <- execute_luau (1.1s): fired placement
2026-09-12 08:45:02 -> tool  execute_luau(datamodel_type, code)
2026-09-12 08:45:02 <- execute_luau (0.1s): {"count":0}
2026-09-12 08:45:08 -> tool  execute_luau(datamodel_type, code)
2026-09-12 08:45:09 <- execute_luau (1.1s): fired cheap placement
2026-09-12 08:45:13 -> tool  execute_luau(datamodel_type, code)
2026-09-12 08:45:13 <- execute_luau (0.1s): {"count":1,"Road_Straight_a8736297":{"id":"Road_Straight","owner":1838966444}}
2026-09-12 08:45:18 -> tool  execute_luau(datamodel_type, code)
2026-09-12 08:45:20 <- execute_luau (2.2s): {"tested":true,"cashAfter":22510}
2026-09-12 08:45:23 -> tool  execute_luau(datamodel_type, code)
2026-09-12 08:45:23 <- execute_luau (0.1s): {"buildCount":0}
2026-09-12 08:45:27 -> tool  start_stop_play(is_start)
2026-09-12 08:45:28 <- start_stop_play (1.0s): Game Stopped
2026-09-12 08:45:36 -> tool  multi_edit(datamodel_type, className, file_path, edits)
2026-09-12 08:45:36 <- multi_edit (0.1s): Created Memory (ModuleScript) with 1 edits applied
2026-09-12 08:50:41 -> tool  script_read(target_file)
2026-09-12 08:50:42 <- script_read (0.1s):      1→return [==[      2→# Project memory      3→## Overview      4→Roblox game
2026-09-12 08:50:59 -> tool  multi_edit(datamodel_type, className, edits)
2026-09-12 08:50:59 <- multi_edit (0.0s): Missing required argument: file_path
2026-09-12 08:51:06 -> tool  multi_edit(datamodel_type, className, file_path, edits)
2026-09-12 08:51:06 <- multi_edit (0.1s): Created UpgradeConfig (ModuleScript) with 1 edits applied
2026-09-12 08:51:10 -> tool  script_read(target_file, start_line_one_indexed, end_line_one_indexed_inclusive, should_read_entire_file)
2026-09-12 08:51:10 <- script_read (0.0s):     60→	Efficiency = 100,     61→}     62→     63→-- Flight / gate / runway defa
2026-09-12 08:51:19 -> tool  multi_edit(datamodel_type, file_path, edits)
2026-09-12 08:51:19 <- multi_edit (0.1s): Modified AirportConfig (ModuleScript) with 1 edits applied
2026-09-12 08:51:34 -> tool  multi_edit(datamodel_type, className, file_path, edits)
2026-09-12 08:51:34 <- multi_edit (0.1s): Created AircraftBuilder (ModuleScript) with 1 edits applied
2026-09-12 08:51:45 -> tool  multi_edit(datamodel_type, className, file_path, edits)
2026-09-12 08:51:45 <- multi_edit (0.1s): Created AircraftService (ModuleScript) with 1 edits applied
2026-09-12 08:51:50 -> tool  script_read(target_file, start_line_one_indexed, end_line_one_indexed_inclusive, should_read_entire_file)
2026-09-12 08:51:50 <- script_read (0.0s):      1→--!strict      2→-- FlightService: modular flight + gate system. Gates bu
2026-09-12 08:52:06 -> tool  execute_luau(datamodel_type, code)
2026-09-12 08:52:06 <- execute_luau (0.1s): FlightService rewritten, length=11075
2026-09-12 08:52:11 -> tool  execute_luau(datamodel_type, code)
2026-09-12 08:52:11 <- execute_luau (0.1s): {"1":"PlaceObject","15":"GetManagementState","3":"DeleteObject","2":"MoveObject"
2026-09-12 08:52:18 -> tool  multi_edit(datamodel_type, className, file_path, edits)
2026-09-12 08:52:19 <- multi_edit (0.1s): Created UpgradeService (ModuleScript) with 1 edits applied
2026-09-12 08:52:23 -> tool  script_read(target_file, start_line_one_indexed, end_line_one_indexed_inclusive, should_read_entire_file)
2026-09-12 08:52:23 <- script_read (0.0s):      1→--!strict      2→-- EconomyService: server-authoritative currency, airpor
2026-09-12 08:52:31 -> tool  execute_luau(datamodel_type, code)
2026-09-12 08:52:31 <- execute_luau (0.1s): EconomyService rewritten len=5134
2026-09-12 08:52:38 -> tool  multi_edit(datamodel_type, className, file_path, edits)
2026-09-12 08:52:38 <- multi_edit (0.1s): Created ObjectivesService (ModuleScript) with 1 edits applied
2026-09-12 08:52:42 -> tool  multi_edit(datamodel_type, file_path, edits)
2026-09-12 08:52:42 <- multi_edit (0.1s): Modified PlotService (ModuleScript) with 1 edits applied
2026-09-12 08:52:46 -> tool  multi_edit(datamodel_type, file_path, edits)
2026-09-12 08:52:46 <- multi_edit (0.1s): Modified PlacementService (ModuleScript) with 1 edits applied
2026-09-12 08:52:53 -> tool  multi_edit(datamodel_type, file_path, edits)
2026-09-12 08:52:53 <- multi_edit (0.1s): Modified PlotService (ModuleScript) with 1 edits applied
2026-09-12 08:53:18 -> tool  execute_luau(datamodel_type, code)
2026-09-12 08:53:18 <- execute_luau (0.1s): AssetBuilder rewritten len=18417
2026-09-12 08:53:22 -> tool  script_read(target_file, start_line_one_indexed, end_line_one_indexed_inclusive, should_read_entire_file)
2026-09-12 08:53:22 <- script_read (0.0s):      1→--!strict      2→-- AirportServer: main server entry point. Owns player l
2026-09-12 08:53:27 -> tool  multi_edit(datamodel_type, file_path, edits)
2026-09-12 08:53:27 <- multi_edit (0.1s): Modified AirportServer (Script) with 1 edits applied
2026-09-12 08:53:31 -> tool  script_read(target_file, should_read_entire_file, start_line_one_indexed, end_line_one_indexed_inclusive)
2026-09-12 08:53:31 <- script_read (0.1s):     30→local function evaluateObjectives(player, plotData)     31→	local newly =
2026-09-12 08:53:36 -> tool  multi_edit(datamodel_type, file_path, edits)
2026-09-12 08:53:36 <- multi_edit (0.1s): Modified AirportServer (Script) with 1 edits applied
2026-09-12 08:53:40 -> tool  script_read(target_file, should_read_entire_file, start_line_one_indexed, end_line_one_indexed_inclusive)
2026-09-12 08:53:40 <- script_read (0.0s):    120→	if rl and not limiter:Check(player.UserId .. ":" .. limitKey, rl.Max, rl
2026-09-12 08:53:44 -> tool  multi_edit(datamodel_type, file_path, edits)
2026-09-12 08:53:45 <- multi_edit (0.1s): Modified AirportServer (Script) with 1 edits applied
2026-09-12 08:53:50 -> tool  multi_edit(datamodel_type, file_path, edits)
2026-09-12 08:53:50 <- multi_edit (0.1s): Modified AirportServer (Script) with 1 edits applied
2026-09-12 08:53:53 -> tool  script_read(target_file, should_read_entire_file, start_line_one_indexed, end_line_one_indexed_inclusive)
2026-09-12 08:53:53 <- script_read (0.0s):    230→	state.Objects = (function()    231→		local t = {}    232→		for _, entry 
2026-09-12 08:53:57 -> tool  script_read(target_file, should_read_entire_file, start_line_one_indexed, end_line_one_indexed_inclusive)
2026-09-12 08:53:57 <- script_read (0.0s):    205→			evaluateObjectives(player, plotData)    206→			notify(player, "Upgrade
2026-09-12 08:54:02 -> tool  multi_edit(datamodel_type, file_path, edits)
2026-09-12 08:54:03 <- multi_edit (0.1s): Modified AirportServer (Script) with 1 edits applied
2026-09-12 08:54:07 -> tool  multi_edit(datamodel_type, file_path, edits)
2026-09-12 08:54:07 <- multi_edit (0.1s): Modified SaveService (ModuleScript) with 1 edits applied
2026-09-12 08:54:11 -> tool  multi_edit(datamodel_type, file_path, edits)
2026-09-12 08:54:11 <- multi_edit (0.1s): Modified SaveService (ModuleScript) with 1 edits applied
2026-09-12 08:54:15 -> tool  multi_edit(datamodel_type, file_path, edits)
2026-09-12 08:54:15 <- multi_edit (0.1s): Modified SaveService (ModuleScript) with 1 edits applied
2026-09-12 08:54:19 -> tool  execute_luau(datamodel_type, code)
2026-09-12 08:54:19 <- execute_luau (0.1s): {"AssetBuilder":"OK","AircraftService":"OK","EconomyService":"OK","SaveService":
2026-09-12 08:54:25 -> tool  multi_edit(datamodel_type, className, file_path, edits)
2026-09-12 08:54:26 <- multi_edit (0.1s): Created SoundController (ModuleScript) with 1 edits applied
2026-09-12 08:54:44 -> tool  execute_luau(datamodel_type, code)
2026-09-12 08:54:44 <- execute_luau (0.1s): BuildController rewritten len=14088
2026-09-12 08:55:15 -> tool  execute_luau(datamodel_type, code)
2026-09-12 08:55:15 <- execute_luau (0.1s): AirportUI rewritten len=29164
2026-09-12 08:55:19 -> tool  execute_luau(datamodel_type, code)
2026-09-12 08:55:19 <- execute_luau (0.1s): sabuiltin_Assistant.rbxm.Assistant.Packages._Index.AssistantUI.AssistantUI.Tools
2026-09-12 08:55:23 -> tool  execute_luau(datamodel_type, code)
2026-09-12 08:55:24 <- execute_luau (0.1s): {"BuildController":"OK","ObjectConfig":"OK","SoundController":"OK","UpgradeConfi
2026-09-12 08:55:28 -> tool  start_stop_play(is_start)
2026-09-12 08:55:31 <- start_stop_play (2.9s): Game Started
2026-09-12 08:55:34 -> tool  get_console_output()
2026-09-12 08:55:34 <- get_console_output (0.0s): [AirportSystem] Server online. DataStore available: true cloud_98896107805157.GU
2026-09-12 08:55:38 -> tool  start_stop_play(is_start)
2026-09-12 08:55:39 <- start_stop_play (1.0s): Game Stopped
2026-09-12 08:55:43 -> tool  script_read(target_file, should_read_entire_file, start_line_one_indexed, end_line_one_indexed_inclusive)
2026-09-12 08:55:43 <- script_read (0.0s):    124→local function makeObjectCard(parent, o, onSelect, onUpgrade, showUpgrade
2026-09-12 08:55:47 -> tool  multi_edit(datamodel_type, file_path, edits)
2026-09-12 08:55:47 <- multi_edit (0.0s): sabuiltin_Assistant.rbxm.Assistant.Packages._Index.AssistantUI.AssistantUI.Tools
2026-09-12 08:55:52 -> tool  multi_edit(datamodel_type, file_path, edits)
2026-09-12 08:55:52 <- multi_edit (0.1s): Modified AirportUI (LocalScript) with 1 edits applied
2026-09-12 08:55:56 -> tool  start_stop_play(is_start)
2026-09-12 08:55:59 <- start_stop_play (3.0s): Game Started
2026-09-12 08:56:02 -> tool  get_console_output()
2026-09-12 08:56:02 <- get_console_output (0.0s): [AirportSystem] Server online. DataStore available: true cloud_98896107805157.GU
2026-09-12 08:56:08 -> tool  multi_edit(datamodel_type, file_path, edits)
2026-09-12 08:56:08 <- multi_edit (0.0s): Edit datamodel is not available in Play mode
2026-09-12 08:56:10 -> tool  multi_edit(datamodel_type, file_path, edits)
2026-09-12 08:56:10 <- multi_edit (0.0s): Edit datamodel is not available in Play mode
2026-09-12 08:56:12 -> tool  multi_edit(datamodel_type, file_path, edits)
2026-09-12 08:56:12 <- multi_edit (0.0s): Edit datamodel is not available in Play mode
2026-09-12 08:56:14 -> tool  multi_edit(datamodel_type, file_path, edits)
2026-09-12 08:56:14 <- multi_edit (0.0s): Edit datamodel is not available in Play mode
2026-09-12 08:56:16 -> tool  multi_edit(datamodel_type, file_path, edits)
2026-09-12 08:56:16 <- multi_edit (0.0s): Edit datamodel is not available in Play mode
2026-09-12 08:56:20 -> tool  execute_luau(datamodel_type, code)
2026-09-12 08:56:22 <- execute_luau (1.2s): placed
2026-09-12 08:56:26 -> tool  execute_luau(datamodel_type, code)
2026-09-12 08:56:26 <- execute_luau (0.1s): {"1":"Road_Straight_c35623cf:Road_Straight","4":"Parking_Small_d2d1ae98:Parking_
2026-09-12 08:56:31 -> tool  execute_luau(datamodel_type, code)
2026-09-12 08:56:31 <- execute_luau (0.1s): {"LevelName":"Small Airport","IncomePerTick":49,"Services":0,"Runways":0,"Object
2026-09-12 08:56:39 -> tool  execute_luau(datamodel_type, code)
2026-09-12 08:56:39 <- execute_luau (0.1s): sabuiltin_Assistant.rbxm.Assistant.Packages._Index.AssistantUI.AssistantUI.Tools
2026-09-12 08:56:45 -> tool  start_stop_play(is_start)
2026-09-12 08:56:46 <- start_stop_play (1.0s): Game Stopped
2026-09-12 08:56:51 -> tool  multi_edit(datamodel_type, file_path, edits)
2026-09-12 08:56:51 <- multi_edit (0.1s): Modified AircraftBuilder (ModuleScript) with 2 edits applied
2026-09-12 08:56:55 -> tool  execute_luau(datamodel_type, code)
2026-09-12 08:56:56 <- execute_luau (0.1s): {"small":"ERR: Unable to assign property CFrame. CoordinateFrame expected, got V
2026-09-12 08:57:00 -> tool  script_grep(query)
2026-09-12 08:57:00 <- script_grep (0.0s): No matches found for the given query.
2026-09-12 08:57:04 -> tool  script_grep(query)
2026-09-12 08:57:04 <- script_grep (0.0s): Path: StarterPlayer.StarterPlayerScripts.AirportClient.BuildController | Line: 6
2026-09-12 08:57:10 -> tool  execute_luau(datamodel_type, code)
2026-09-12 08:57:10 <- execute_luau (0.1s): Unable to assign property CFrame. CoordinateFrame expected, got Vector3
2026-09-12 08:57:15 -> tool  script_read(target_file, should_read_entire_file)
2026-09-12 08:57:15 <- script_read (0.0s):      1→--!strict      2→-- AircraftBuilder: builds fictional, livery-consistent 
2026-09-12 08:57:17 -> tool  script_read(target_file, should_read_entire_file)
2026-09-12 08:57:17 <- script_read (0.0s):      1→--!strict      2→-- AircraftBuilder: builds fictional, livery-consistent 
2026-09-12 08:57:22 -> tool  execute_luau(datamodel_type, code)
2026-09-12 08:57:22 <- execute_luau (0.1s): {"small":"ERR Unable to assign property CFrame. CoordinateFrame expected, got Ve
2026-09-12 08:57:44 -> tool  execute_luau(datamodel_type, code)
2026-09-12 08:57:44 <- execute_luau (0.1s): nil
2026-09-12 08:57:49 -> tool  execute_luau(datamodel_type, code)
2026-09-12 08:57:49 <- execute_luau (0.1s): Unable to assign property CFrame. CoordinateFrame expected, got Vector3 ServerSc
2026-09-12 08:57:54 -> tool  script_read(target_file, should_read_entire_file, start_line_one_indexed, end_line_one_indexed_inclusive)
2026-09-12 08:57:54 <- script_read (0.0s):    175→	-- Navigation lights    176→	local function navLight(pos, color)    177→
2026-09-12 08:58:04 -> tool  multi_edit(datamodel_type, file_path, edits)
2026-09-12 08:58:04 <- multi_edit (0.1s): Modified AircraftBuilder (ModuleScript) with 1 edits applied
2026-09-12 08:58:08 -> tool  execute_luau(datamodel_type, code)
2026-09-12 08:58:09 <- execute_luau (0.1s): {"ok":false,"err":"Unable to assign property CFrame. CoordinateFrame expected, g
2026-09-12 08:58:17 -> tool  execute_luau(datamodel_type, code)
2026-09-12 08:58:17 <- execute_luau (0.1s): {"ok":true,"err":"nil"}
2026-09-12 08:58:23 -> tool  script_read(target_file, should_read_entire_file, start_line_one_indexed, end_line_one_indexed_inclusive)
2026-09-12 08:58:23 <- script_read (0.0s):    175→	-- Navigation lights    176→	local function navLight(pos, color)    177→
2026-09-12 08:58:37 -> tool  execute_luau(datamodel_type, code)
2026-09-12 08:58:37 <- execute_luau (0.1s): newlen=8209 starts=-- recompiled v2 --!stric
2026-09-12 08:58:42 -> tool  execute_luau(datamodel_type, code)
2026-09-12 08:58:42 <- execute_luau (0.1s): {"ok":false,"err":"Unable to assign property CFrame. CoordinateFrame expected, g
2026-09-12 08:58:47 -> tool  script_read(target_file, should_read_entire_file)
2026-09-12 08:58:47 <- script_read (0.0s):      1→-- recompiled v2      2→--!strict      3→-- AircraftBuilder: builds ficti
2026-09-12 08:58:53 -> tool  execute_luau(datamodel_type, code)
2026-09-12 08:58:53 <- execute_luau (0.1s): {"ok":true,"parts":28}
2026-09-12 08:58:59 -> tool  start_stop_play(is_start)
2026-09-12 08:59:02 <- start_stop_play (3.0s): Game Started
2026-09-12 08:59:06 -> tool  execute_luau(datamodel_type, code)
2026-09-12 08:59:06 <- execute_luau (0.1s): {"ok":true,"parts":28}
2026-09-12 08:59:11 -> tool  get_console_output()
2026-09-12 08:59:11 <- get_console_output (0.0s): [AirportSystem] Server online. DataStore available: true cloud_98896107805157.GU
2026-09-12 08:59:15 -> tool  execute_luau(datamodel_type, code)
2026-09-12 08:59:17 <- execute_luau (1.7s): infra placed + opened
2026-09-12 08:59:21 -> tool  execute_luau(datamodel_type, code)
2026-09-12 08:59:29 <- execute_luau (8.1s)  [SLOW]: {"builds":4,"names":{"1":"Road_Straight","4":"Parking_Small","3":"Parking_Small"
2026-09-12 08:59:40 -> tool  start_stop_play(is_start)
2026-09-12 08:59:41 <- start_stop_play (1.0s): Game Stopped
2026-09-12 08:59:45 -> tool  multi_edit(datamodel_type, file_path, edits)
2026-09-12 08:59:45 <- multi_edit (0.1s): Modified AirportConfig (ModuleScript) with 1 edits applied
2026-09-12 08:59:51 -> tool  execute_luau(datamodel_type, code)
2026-09-12 08:59:51 <- execute_luau (0.4s): {"err":"nil","cleared":true}
2026-09-12 08:59:55 -> tool  start_stop_play(is_start)
2026-09-12 08:59:58 <- start_stop_play (2.7s): Game Started
2026-09-12 09:00:02 -> tool  execute_luau(datamodel_type, code)
2026-09-12 09:00:07 <- execute_luau (4.3s): {"LevelName":"Small Airport","IncomePerTick":12,"Services":0,"Runways":0,"Object
2026-09-12 09:00:14 -> tool  get_console_output()
2026-09-12 09:00:14 <- get_console_output (0.0s): [AirportSystem] Server online. DataStore available: true cloud_98896107805157.GU
2026-09-12 09:00:20 -> tool  start_stop_play(is_start)
2026-09-12 09:00:21 <- start_stop_play (1.0s): Game Stopped
2026-09-12 09:00:28 -> tool  start_stop_play(is_start)
2026-09-12 09:00:31 <- start_stop_play (3.0s): Game Started
2026-09-12 09:00:36 -> tool  execute_luau(datamodel_type, code)
2026-09-12 09:00:38 <- execute_luau (1.8s): {"LevelName":"Small Airport","IncomePerTick":17,"Services":0,"Runways":0,"Object
2026-09-12 09:00:43 -> tool  execute_luau(datamodel_type, code)
2026-09-12 09:00:43 <- execute_luau (0.1s): {"1":{"id":"Terminal_Small","pos":"256, 0, 240"},"3":{"id":"Gate_A","pos":"256, 
2026-09-12 09:00:50 -> tool  execute_luau(datamodel_type, code)
2026-09-12 09:00:51 <- execute_luau (0.7s): {"LevelName":"Small Airport","IncomePerTick":17,"Services":0,"Runways":0,"Object
2026-09-12 09:00:58 -> tool  execute_luau(datamodel_type, code)
2026-09-12 09:00:58 <- execute_luau (0.1s): ready
2026-09-12 09:01:04 -> tool  execute_luau(datamodel_type, code)
2026-09-12 09:01:04 <- execute_luau (0.1s): {"hasPlot":false}
2026-09-12 09:04:22 -> tool  execute_luau(datamodel_type, code)
2026-09-12 09:04:22 <- execute_luau (0.0s): Client datamodel is not available in Edit mode
2026-09-12 09:04:26 -> tool  get_studio_state()
2026-09-12 09:04:26 <- get_studio_state (0.0s): - Current Studio Mode: Edit - Available DataModels: Edit - Focused DataModel in 
2026-09-12 09:04:31 -> tool  start_stop_play(is_start)
2026-09-12 09:04:34 <- start_stop_play (3.0s): Game Started
2026-09-12 09:04:39 -> tool  execute_luau(datamodel_type, code)
2026-09-12 09:04:44 <- execute_luau (5.2s)  [SLOW]: {"LevelName":"Small Airport","IncomePerTick":58,"Services":0,"Runways":0,"Object
2026-09-12 09:04:50 -> tool  start_stop_play(is_start)
2026-09-12 09:04:51 <- start_stop_play (1.0s): Game Stopped
2026-09-12 09:04:55 -> tool  execute_luau(datamodel_type, code)
2026-09-12 09:04:56 <- execute_luau (0.5s): {"cleared":true}
2026-09-12 09:05:00 -> tool  start_stop_play(is_start)
2026-09-12 09:05:03 <- start_stop_play (2.9s): Game Started
2026-09-12 09:05:07 -> tool  execute_luau(datamodel_type, code)
2026-09-12 09:05:12 <- execute_luau (5.2s)  [SLOW]: {"LevelName":"Small Airport","IncomePerTick":13,"Services":0,"Runways":1,"Object
2026-09-12 09:05:20 -> tool  execute_luau(datamodel_type, code)
2026-09-12 09:05:40 <- execute_luau (20.0s)  [SLOW]: No response from server 'roblox' after 20.0s.
2026-09-12 09:05:43 -> tool  execute_luau(datamodel_type, code)
2026-09-12 09:05:44 <- execute_luau (0.1s): {"LevelName":"Small Airport","IncomePerTick":13,"Services":0,"Runways":1,"Object
2026-09-12 09:05:48 -> tool  execute_luau(datamodel_type, code)
2026-09-12 09:05:48 <- execute_luau (0.1s): {"aircraft":[]}
2026-09-12 09:05:53 -> tool  get_console_output()
2026-09-12 09:05:53 <- get_console_output (0.0s): [AirportSystem] Server online. DataStore available: true cloud_98896107805157.GU
2026-09-12 09:06:00 -> tool  execute_luau(datamodel_type, code)
2026-09-12 09:06:14 <- execute_luau (14.1s)  [SLOW]: {"totalBuilds":3,"aircraft":0}
2026-09-12 09:06:20 -> tool  execute_luau(datamodel_type, code)
2026-09-12 09:06:36 <- execute_luau (16.1s)  [SLOW]: 1789218396
2026-09-12 09:06:40 -> tool  execute_luau(datamodel_type, code)
2026-09-12 09:06:57 <- execute_luau (16.1s)  [SLOW]: {"aircraft":0}
2026-09-12 09:08:51 -> tool  execute_luau(datamodel_type, code)
2026-09-12 09:08:56 <- execute_luau (5.1s)  [SLOW]: {"got":true,"gates":1,"state":"OPEN","flights":1}
2026-09-12 09:09:01 -> tool  execute_luau(datamodel_type, code)
2026-09-12 09:09:16 <- execute_luau (15.1s)  [SLOW]: {"1":"FS102 CHECK-IN departure"}
2026-09-12 09:11:16 -> tool  execute_luau(datamodel_type, code)
2026-09-12 09:11:32 <- execute_luau (16.1s)  [SLOW]: []
2026-09-12 09:27:58 -> tool  execute_luau(datamodel_type, code)
2026-09-12 09:28:11 <- execute_luau (13.4s)  [SLOW]: Target is closed (HOST_INVOKE_createExecuteLuauBridge_runCodeAsync_ToRequester, 
2026-09-12 09:30:26 -> tool  get_studio_state()
2026-09-12 09:30:26 <- get_studio_state (0.0s): - Current Studio Mode: Edit - Available DataModels: Edit - Focused DataModel in 
2026-09-12 09:30:30 -> tool  start_stop_play(is_start)
2026-09-12 09:30:33 <- start_stop_play (3.0s): Game Started
2026-09-12 09:30:38 -> tool  execute_luau(datamodel_type, code)
2026-09-12 09:30:43 <- execute_luau (4.8s): {"LevelName":"Small Airport","IncomePerTick":53,"Services":1,"Runways":1,"Object
2026-09-12 09:30:48 -> tool  execute_luau(datamodel_type, code)
2026-09-12 09:31:04 <- execute_luau (16.1s)  [SLOW]: []
2026-09-12 09:31:08 -> tool  execute_luau(datamodel_type, code)
2026-09-12 09:31:24 <- execute_luau (16.3s)  [SLOW]: {"1":"FS101 SCHEDULED"}
2026-09-12 09:31:31 -> tool  execute_luau(datamodel_type, code)
2026-09-12 09:31:45 <- execute_luau (14.3s)  [SLOW]: {"ok":false}
2026-09-12 09:31:52 -> tool  execute_luau(datamodel_type, code)
2026-09-12 09:32:10 <- execute_luau (18.5s)  [SLOW]: {"ok":false}
2026-09-12 09:32:18 -> tool  execute_luau(datamodel_type, code)
2026-09-12 09:32:18 <- execute_luau (0.1s): {"ok":true,"fn":"FS101","phase":"taxi","parts":28}
2026-09-12 09:32:23 -> tool  execute_luau(datamodel_type, code)
2026-09-12 09:32:41 <- execute_luau (18.2s)  [SLOW]: {"1":"taxi","3":"airborne","2":"takeoff"}
2026-09-12 09:32:48 -> tool  execute_luau(datamodel_type, code)
2026-09-12 09:32:49 <- execute_luau (1.0s): {"objectId":"Gate_A","level":1}
2026-09-12 09:32:53 -> tool  get_console_output()
2026-09-12 09:32:53 <- get_console_output (0.0s): [AirportSystem] Server online. DataStore available: true cloud_98896107805157.GU
2026-09-12 09:32:57 -> tool  start_stop_play(is_start)
2026-09-12 09:32:58 <- start_stop_play (1.1s): Game Stopped
2026-09-12 09:38:05 -> tool  multi_edit(datamodel_type, file_path, edits)
2026-09-12 09:38:05 <- multi_edit (0.0s): Modified SoundController (ModuleScript) with 1 edits applied
2026-09-12 09:38:10 -> tool  multi_edit(datamodel_type, file_path, edits)
2026-09-12 09:38:10 <- multi_edit (0.0s): Modified Memory (ModuleScript) with 1 edits applied
2026-09-12 09:40:04 -> tool  multi_edit(datamodel_type, file_path, edits)
2026-09-12 09:40:05 <- multi_edit (0.0s): Modified Memory (ModuleScript) with 1 edits applied
2026-09-12 09:40:09 -> tool  multi_edit(datamodel_type, file_path, edits)
2026-09-12 09:40:09 <- multi_edit (0.0s): Modified Memory (ModuleScript) with 1 edits applied
2026-09-12 09:41:53 -> tool  execute_luau(datamodel_type, code)
2026-09-12 09:41:53 <- execute_luau (0.1s): {"AircraftBuilder":"OK","AssetBuilder":"OK","AirportConfig":"OK","AircraftServic
2026-09-12 10:31:20 -> tool  execute_luau(datamodel_type, code)
2026-09-12 10:31:20 <- execute_luau (0.1s): {"built":31,"failed":[]}
2026-09-12 10:31:28 -> tool  multi_edit(datamodel_type, file_path, edits)
2026-09-12 10:31:28 <- multi_edit (0.0s): sabuiltin_Assistant.rbxm.Assistant.Packages._Index.AssistantUI.AssistantUI.Tools
2026-09-12 10:31:33 -> tool  script_read(target_file, should_read_entire_file, start_line_one_indexed, end_line_one_indexed_inclusive)
2026-09-12 10:31:33 <- script_read (0.0s): sabuiltin_Assistant.rbxm.Assistant.Packages._Index.AssistantUI.AssistantUI.Tools
2026-09-12 10:31:39 -> tool  script_read(target_file, should_read_entire_file, start_line_one_indexed, end_line_one_indexed_inclusive)
2026-09-12 10:31:39 <- script_read (0.0s):    205→	model:SetAttribute("Refundable", o.Refundable ~= false)    206→	model:Se
2026-09-12 10:31:43 -> tool  script_read(target_file, should_read_entire_file, start_line_one_indexed, end_line_one_indexed_inclusive)
2026-09-12 10:31:43 <- script_read (0.0s):    180→	model.Name = o.Id    181→    182→	-- Root pivot sits at bottom-center fo
2026-09-12 10:31:47 -> tool  script_read(target_file, should_read_entire_file, start_line_one_indexed, end_line_one_indexed_inclusive)
2026-09-12 10:31:47 <- script_read (0.0s):    176→	local o = ObjectConfig.Get(objectId)    177→	if not o then return nil en
2026-09-12 10:31:51 -> tool  script_read(target_file, should_read_entire_file, start_line_one_indexed, end_line_one_indexed_inclusive)
2026-09-12 10:31:51 <- script_read (0.0s):    172→	Landscaping = buildTree,    173→}    174→    175→function AssetBuilder.B
2026-09-12 10:31:58 -> tool  multi_edit(datamodel_type, file_path, edits)
2026-09-12 10:31:58 <- multi_edit (0.0s): Modified AssetBuilder (ModuleScript) with 1 edits applied
2026-09-12 10:32:10 -> tool  execute_luau(datamodel_type, code)
2026-09-12 10:32:10 <- execute_luau (0.1s): {"tabChildren":10,"hudChildren":9,"gui":"StarterGui.AirportUI"}
2026-09-12 10:32:23 -> tool  execute_luau(datamodel_type, code)
2026-09-12 10:32:23 <- execute_luau (0.1s): panels built: 9
2026-09-12 10:32:41 -> tool  execute_luau(datamodel_type, code)
2026-09-12 10:32:41 <- execute_luau (0.1s): AirportUI rewired len=16002
2026-09-12 10:32:46 -> tool  execute_luau(datamodel_type, code)
2026-09-12 10:32:46 <- execute_luau (0.1s): {"assets":31,"AB":"OK","starterGui":true}
2026-09-12 10:32:49 -> tool  start_stop_play(is_start)
2026-09-12 10:32:53 <- start_stop_play (3.3s): Game Started
2026-09-12 10:32:56 -> tool  get_console_output()
2026-09-12 10:32:57 <- get_console_output (0.0s): [AirportSystem] Server online. DataStore available: true cloud_98896107805157.GU
2026-09-12 10:33:01 -> tool  execute_luau(datamodel_type, code)
2026-09-12 10:33:01 <- execute_luau (0.1s): {"objectId":"Terminal_Small","parts":19}
2026-09-12 10:33:05 -> tool  start_stop_play(is_start)
2026-09-12 10:33:06 <- start_stop_play (1.0s): Game Stopped
2026-09-12 10:33:11 -> tool  multi_edit(datamodel_type, file_path, edits)
2026-09-12 10:33:11 <- multi_edit (0.0s): Modified Memory (ModuleScript) with 2 edits applied
2026-09-12 10:39:18 -> tool  script_read(target_file, should_read_entire_file, start_line_one_indexed, end_line_one_indexed_inclusive)
2026-09-12 10:39:18 <- script_read (0.0s):      1→--!strict      2→-- PlotService: allocates one airport plot per player, t
2026-09-12 10:39:22 -> tool  script_read(target_file, should_read_entire_file, start_line_one_indexed, end_line_one_indexed_inclusive)
2026-09-12 10:39:22 <- script_read (0.0s):     80→	ground.TopSurface = Enum.SurfaceType.Smooth     81→	ground.BottomSurface
2026-09-12 10:39:32 -> tool  execute_luau(datamodel_type, code)
2026-09-12 10:39:32 <- execute_luau (0.1s): {"name":"PlotTemplate","children":10,"size":"512, 1, 512"}
2026-09-12 10:39:37 -> tool  script_read(target_file, should_read_entire_file, start_line_one_indexed, end_line_one_indexed_inclusive)
2026-09-12 10:39:37 <- script_read (0.0s):    175→    176→function PlotService.GetPlot(userId)    177→	return plots[userId]
2026-09-12 10:39:46 -> tool  multi_edit(datamodel_type, file_path, edits)
2026-09-12 10:39:46 <- multi_edit (0.1s): Modified PlotService (ModuleScript) with 1 edits applied
2026-09-12 10:39:50 -> tool  start_stop_play(is_start)
2026-09-12 10:39:53 <- start_stop_play (3.0s): Game Started
2026-09-12 10:39:58 -> tool  get_console_output()
2026-09-12 10:39:58 <- get_console_output (0.0s): [AirportSystem] Server online. DataStore available: true cloud_98896107805157.GU
2026-09-12 10:40:02 -> tool  execute_luau(datamodel_type, code)
2026-09-12 10:40:02 <- execute_luau (0.1s): {"1":{"groundPos":"256, -1, 256","hasBuilds":true,"spawnPos":"256, 0.5, 12","nam
2026-09-12 10:40:08 -> tool  execute_luau(datamodel_type, code)
2026-09-12 10:40:09 <- execute_luau (0.7s): {"objects":8,"cash":9890}
2026-09-12 10:40:12 -> tool  start_stop_play(is_start)
2026-09-12 10:40:13 <- start_stop_play (1.0s): Game Stopped
2026-09-12 10:40:18 -> tool  multi_edit(datamodel_type, file_path, edits)
2026-09-12 10:40:18 <- multi_edit (0.0s): Modified Memory (ModuleScript) with 1 edits applied
2026-09-12 10:41:04 -> tool  execute_luau(datamodel_type, code)
2026-09-12 10:41:05 <- execute_luau (0.1s): no AirportSystem in Workspace
2026-09-12 10:41:12 -> tool  execute_luau(datamodel_type, code)
2026-09-12 10:41:12 <- execute_luau (0.1s): {"slots":8,"firstCenter":"256, 0, 256"}
2026-09-12 10:41:19 -> tool  multi_edit(datamodel_type, file_path, edits)
2026-09-12 10:41:19 <- multi_edit (0.1s): Modified PlotService (ModuleScript) with 1 edits applied
2026-09-12 10:41:23 -> tool  start_stop_play(is_start)
2026-09-12 10:41:26 <- start_stop_play (2.9s): Game Started
2026-09-12 10:41:38 -> tool  execute_luau(datamodel_type, code)
2026-09-12 10:41:38 <- execute_luau (0.1s): {"billboardEnabled":false,"slotTransparency":1,"plots":1}
2026-09-12 10:41:41 -> tool  start_stop_play(is_start)
2026-09-12 10:41:43 <- start_stop_play (1.0s): Game Stopped
2026-09-12 10:41:47 -> tool  multi_edit(datamodel_type, file_path, edits)
2026-09-12 10:41:47 <- multi_edit (0.0s): Modified Memory (ModuleScript) with 1 edits applied
2026-09-12 10:43:40 -> tool  execute_luau(datamodel_type, code)
2026-09-12 10:43:40 <- execute_luau (0.1s): {"built":{"1":"small:ERR","3":"large:ERR","2":"medium:ERR"},"path":"ReplicatedSt
2026-09-12 10:43:45 -> tool  execute_luau(datamodel_type, code)
2026-09-12 10:43:45 <- execute_luau (0.1s): {"1":"small(28)","3":"large(32)","2":"medium(28)"}
2026-09-12 10:43:50 -> tool  script_read(target_file, should_read_entire_file, start_line_one_indexed, end_line_one_indexed_inclusive)
2026-09-12 10:43:50 <- script_read (0.0s):      1→--!strict      2→-- AircraftService: real aircraft movement foundation.  
2026-09-12 10:48:33 -> tool  script_grep(query)
2026-09-12 10:48:33 <- script_grep (0.0s): Path: ServerScriptService.AirportSystem.AircraftBuilder | Line: 73 | function Ai
2026-09-12 10:48:38 -> tool  script_read(target_file, should_read_entire_file, start_line_one_indexed, end_line_one_indexed_inclusive)
2026-09-12 10:48:38 <- script_read (0.0s):     73→	part.Color = color     74→	part.Material = material or Enum.Material.Smo
2026-09-12 10:48:44 -> tool  multi_edit(datamodel_type, file_path, edits)
2026-09-12 10:48:44 <- multi_edit (0.1s): Modified AircraftBuilder (ModuleScript) with 1 edits applied
2026-09-12 10:48:48 -> tool  start_stop_play(is_start)
2026-09-12 10:48:52 <- start_stop_play (3.1s): Game Started
2026-09-12 10:48:56 -> tool  execute_luau(datamodel_type, code)
2026-09-12 10:48:56 <- execute_luau (0.1s): {"1":"small(28, BlueSky Airlines)","3":"large(32, BlueSky Airlines)","2":"medium
2026-09-12 10:49:01 -> tool  get_console_output()
2026-09-12 10:49:02 <- get_console_output (0.0s): [AirportSystem] Server online. DataStore available: true cloud_98896107805157.GU
2026-09-12 10:49:07 -> tool  start_stop_play(is_start)
2026-09-12 10:49:08 <- start_stop_play (1.0s): Game Stopped
2026-09-12 10:49:13 -> tool  multi_edit(datamodel_type, file_path, edits)
2026-09-12 10:49:13 <- multi_edit (0.1s): Modified Memory (ModuleScript) with 1 edits applied
2026-09-12 10:55:13 [roblox] stdout closed (process ended, exit code None)
2026-09-12 11:41:58 ===== BRIDGE START  v1.5.5  pid=19412  log=C:\Users\robin\Downloads\ZeroScript-Free-1.5.5\ZeroScript-Free-1.5.5\logs\bridge_debug.log =====
2026-09-12 11:41:59 configured 1 MCP server(s): roblox
2026-09-12 11:41:59 listening on ws://127.0.0.1:17613  - load the extension and open a supported AI chat
2026-09-12 11:41:59 [roblox] launching  (C:\Users\robin\AppData\Local\Programs\Python\Python314\python.exe C:\Users\robin\Downloads\ZeroScript-Free-1.5.5\ZeroScript-Free-1.5.5\launch_studio_mcp.py)
2026-09-12 11:41:59 [roblox] stderr: launch_studio_mcp: using C:\Users\robin\AppData\Local\Roblox\Versions\version-93202a13414c4131\StudioMCP.exe
2026-09-12 11:41:59 [roblox] MCP server up  (28 tools advertised)
2026-09-12 11:42:00 extension connected  (127.0.0.1)  [1 client(s)]
2026-09-12 11:42:02 ready 28 tools available - Roblox Studio connected
2026-09-12 11:43:02 -> tool  execute_luau(datamodel_type, code)
2026-09-12 11:43:02 <- execute_luau (0.1s): AircraftBuilder rewritten len=10937
2026-09-12 11:43:06 -> tool  execute_luau(datamodel_type, code)
2026-09-12 11:43:06 <- execute_luau (0.1s): {"1":"small(40)","3":"large(52)","2":"medium(42)"}
2026-09-12 11:43:10 -> tool  start_stop_play(is_start)
2026-09-12 11:43:13 <- start_stop_play (3.1s): Game Started
2026-09-12 11:43:18 -> tool  execute_luau(datamodel_type, code)
2026-09-12 11:43:18 <- execute_luau (0.1s): {"1":"small(40, Pacific Wings)","3":"large(52, Pacific Wings)","2":"medium(42, P
2026-09-12 11:43:22 -> tool  get_console_output()
2026-09-12 11:43:22 <- get_console_output (0.0s): [AirportSystem] Server online. DataStore available: true cloud_98896107805157.GU
2026-09-12 11:43:27 -> tool  start_stop_play(is_start)
2026-09-12 11:43:28 <- start_stop_play (1.0s): Game Stopped
2026-09-12 11:43:33 -> tool  execute_luau(datamodel_type, code)
2026-09-12 11:43:33 <- execute_luau (0.1s): {"pos":"0, 6, 0","parts":42}
2026-09-12 11:43:37 -> tool  screen_capture(capture_id, camera_position, look_at_position)
2026-09-12 11:43:38 <- screen_capture (0.8s): 
2026-09-12 11:43:49 -> tool  execute_luau(datamodel_type, code)
2026-09-12 11:43:49 <- execute_luau (0.1s): preview removed
2026-09-12 11:43:54 -> tool  script_read(target_file, should_read_entire_file, start_line_one_indexed, end_line_one_indexed_inclusive)
2026-09-12 11:43:54 <- script_read (0.0s):      8→  - Build objects: ReplicatedStorage.AirportSystem.Assets = 31 Model temp
2026-09-12 11:43:59 -> tool  multi_edit(datamodel_type, file_path, edits)
2026-09-12 11:43:59 <- multi_edit (0.1s): Modified Memory (ModuleScript) with 1 edits applied
2026-09-12 11:48:03 -> tool  generate_mesh(textPrompt, segmentation, size)
2026-09-12 11:48:33 <- generate_mesh (29.1s)  [SLOW]: Mesh generation failed with error: Failed to fetch image for model generation
2026-09-12 11:48:42 -> tool  generate_mesh(size, segmentation, textPrompt)
2026-09-12 11:49:00 <- generate_mesh (18.3s)  [SLOW]: Mesh generation failed with error: Failed to fetch image for model generation
2026-09-12 11:49:04 -> tool  generate_mesh(segmentation, textPrompt)
2026-09-12 11:49:27 <- generate_mesh (22.6s)  [SLOW]: Mesh generation failed with error: Failed to fetch image for model generation
2026-09-12 11:49:57 -> tool  generate_procedural_model(prompt, segmentation)
2026-09-12 11:51:25 <- generate_procedural_model (88.3s)  [SLOW]: {"generationName":"CommercialAirliner","generationId":"b8c2522c-d866-4a6e-8906-7
2026-09-12 11:51:29 -> tool  wait_job_finished(jobId, timeout)
2026-09-12 11:51:29 <- wait_job_finished (0.0s): No job found with id: b8c2522c-d866-4a6e-8906-73ac680054bb
2026-09-12 11:51:33 -> tool  search_game_tree(datamodel_type, path, instance_type, keywords, max_depth)
2026-09-12 11:51:33 <- search_game_tree (0.0s): [{"parentName":"Workspace","fullPath":"Workspace.CommercialAirliner","name":"Com
2026-09-12 11:51:39 -> tool  inspect_instance(path)
2026-09-12 11:51:39 <- inspect_instance (0.0s): {"path":"Workspace.CommercialAirliner","name":"CommercialAirliner","className":"
2026-09-12 11:51:43 -> tool  screen_capture(capture_id, camera_position, look_at_position)
2026-09-12 11:51:44 <- screen_capture (0.8s): 
2026-09-12 11:54:23 [roblox] stdout closed (process ended, exit code None)
2026-09-12 20:26:26 ===== BRIDGE START  v1.5.5  pid=25128  log=C:\Users\robin\Downloads\ZeroScript-Free-1.5.5\ZeroScript-Free-1.5.5\logs\bridge_debug.log =====
2026-09-12 20:26:26 configured 1 MCP server(s): roblox
2026-09-12 20:26:26 listening on ws://127.0.0.1:17613  - load the extension and open a supported AI chat
2026-09-12 20:26:26 [roblox] launching  (C:\Users\robin\AppData\Local\Programs\Python\Python314\python.exe C:\Users\robin\Downloads\ZeroScript-Free-1.5.5\ZeroScript-Free-1.5.5\launch_studio_mcp.py)
2026-09-12 20:26:27 [roblox] stderr: launch_studio_mcp: using C:\Users\robin\AppData\Local\Roblox\Versions\version-93202a13414c4131\StudioMCP.exe
2026-09-12 20:26:27 [roblox] MCP server up  (28 tools advertised)
2026-09-12 20:26:27 extension connected  (127.0.0.1)  [1 client(s)]
2026-09-12 20:26:31 ready 28 tools available - Roblox Studio connected
2026-09-12 20:27:30 -> tool  execute_luau(datamodel_type, code)
2026-09-12 20:27:30 <- execute_luau (0.1s): {"clock":14.399999618530274,"testRemoved":false,"effects":{"1":"Atmosphere","3":
2026-09-12 20:27:37 -> tool  screen_capture(capture_id, camera_position, look_at_position)
2026-09-12 20:27:38 <- screen_capture (0.8s): 
2026-09-12 20:27:46 -> tool  execute_luau(datamodel_type, code)
2026-09-12 20:27:46 <- execute_luau (0.1s): {"density":0.11999999731779099,"haze":0.6000000238418579}
2026-09-12 20:27:52 -> tool  screen_capture(capture_id, camera_position, look_at_position)
2026-09-12 20:27:52 <- screen_capture (0.8s): 
2026-09-12 20:28:01 -> tool  inspect_instance(path)
2026-09-12 20:28:01 <- inspect_instance (0.0s): {"path":"Workspace.Baseplate","name":"Baseplate","className":"Part","uniqueId":"
2026-09-12 20:28:08 -> tool  execute_luau(datamodel_type, code)
2026-09-12 20:28:08 <- execute_luau (0.1s): {"color":"0.376471, 0.478431, 0.321569","material":"Grass"}
2026-09-12 20:28:13 -> tool  screen_capture(camera_position, capture_id, look_at_position)
2026-09-12 20:28:14 <- screen_capture (0.9s): 
2026-09-12 20:30:03 -> tool  multi_edit(datamodel_type, file_path, edits)
2026-09-12 20:30:03 <- multi_edit (0.0s): Modified Memory (ModuleScript) with 1 edits applied
2026-09-12 20:30:12 -> tool  execute_luau(datamodel_type, code)
2026-09-12 20:30:12 <- execute_luau (0.1s): {"children":8}
2026-09-12 20:30:59 -> tool  screen_capture(camera_position, capture_id, look_at_position)
2026-09-12 20:31:00 <- screen_capture (1.1s): 
2026-09-12 20:31:12 -> tool  script_grep(query)
2026-09-12 20:31:12 <- script_grep (0.0s): Path: ServerScriptService.AirportSystem.AssetBuilder | Line: 51 | local function
2026-09-12 20:31:18 -> tool  script_read(target_file, should_read_entire_file, start_line_one_indexed, end_line_one_indexed_inclusive)
2026-09-12 20:31:18 <- script_read (0.0s):     51→	tl.TextStrokeTransparency = 0.4     52→	tl.TextScaled = true     53→	tl.
2026-09-12 20:31:44 -> tool  execute_luau(datamodel_type, code)
2026-09-12 20:31:45 <- execute_luau (0.1s): AssetBuilder rewritten len=16970
2026-09-12 20:31:51 -> tool  script_grep(query)
2026-09-12 20:31:51 <- script_grep (0.0s): Path: ServerScriptService.AirportSystem.AssetBuilder | Line: 2 | -- AssetBuilder
2026-09-12 20:31:58 -> tool  multi_edit(datamodel_type, file_path, edits)
2026-09-12 20:31:58 <- multi_edit (0.0s): sabuiltin_Assistant.rbxm.Assistant.Packages._Index.AssistantUI.AssistantUI.Tools
2026-09-12 20:32:02 -> tool  script_read(target_file, should_read_entire_file, start_line_one_indexed, end_line_one_indexed_inclusive)
2026-09-12 20:32:02 <- script_read (0.0s):    195→			primary.Size = Vector3.new(0.2, 0.2, 0.2)    196→			primary.Parent = m
2026-09-12 20:33:34 -> tool  script_read(target_file, should_read_entire_file, start_line_one_indexed, end_line_one_indexed_inclusive)
2026-09-12 20:33:34 <- script_read (0.0s):    150→	end    151→end    152→    153→local function buildTree(model, o)    154→
2026-09-12 20:33:41 -> tool  script_read(target_file, should_read_entire_file)
2026-09-12 20:33:41 <- script_read (0.0s):      1→--!strict      2→-- AssetBuilder: constructs the real visual Model for a 
2026-09-12 20:34:56 -> tool  multi_edit(datamodel_type, file_path, edits)
2026-09-12 20:34:56 <- multi_edit (0.0s): Modified AssetBuilder (ModuleScript) with 1 edits applied
2026-09-12 20:35:03 -> tool  multi_edit(datamodel_type, file_path, edits)
2026-09-12 20:35:03 <- multi_edit (0.0s): Modified AssetBuilder (ModuleScript) with 2 edits applied
2026-09-12 20:35:11 -> tool  execute_luau(datamodel_type, code)
2026-09-12 20:35:11 <- execute_luau (0.1s): {"failed":[],"regenerated":31}
2026-09-12 20:35:16 -> tool  screen_capture(camera_position, capture_id, look_at_position)
2026-09-12 20:35:17 <- screen_capture (1.0s): 
2026-09-12 20:35:26 -> tool  execute_luau(datamodel_type, code)
2026-09-12 20:35:27 <- execute_luau (0.1s): {"children":9}
2026-09-12 20:35:32 -> tool  screen_capture(camera_position, capture_id, look_at_position)
2026-09-12 20:35:34 <- screen_capture (1.0s): 
2026-09-12 20:35:44 -> tool  execute_luau(datamodel_type, code)
2026-09-12 20:35:44 <- execute_luau (0.1s): {"removed":false}
2026-09-12 20:35:50 -> tool  script_read(target_file, should_read_entire_file, start_line_one_indexed, end_line_one_indexed_inclusive)
2026-09-12 20:35:50 <- script_read (0.0s):      7→- CUSTOMIZATION (all template-based, edit in Explorer -> reflected in gam
2026-09-12 20:35:56 -> tool  multi_edit(datamodel_type, file_path, edits)
2026-09-12 20:35:56 <- multi_edit (0.0s): Modified Memory (ModuleScript) with 1 edits applied
2026-09-12 20:53:19 -> tool  generate_procedural_model(async, prompt, segmentation)
2026-09-12 20:53:19 <- generate_procedural_model (0.0s): {"jobId":"6927b406-8e76-443e-ae45-cc5fd9f8ced6","status":"Running"}
2026-09-12 20:53:24 -> tool  generate_procedural_model(async, prompt, segmentation)
2026-09-12 20:53:24 <- generate_procedural_model (0.0s): {"jobId":"969c98b1-bf90-4fae-aae1-c1e9b45b52cc","status":"Running"}
2026-09-12 20:53:31 -> tool  wait_job_finished(jobId, timeout)
2026-09-12 20:55:31 <- wait_job_finished (120.0s)  [SLOW]: No response from server 'roblox' after 120.0s.
2026-09-12 20:55:39 -> tool  search_game_tree(datamodel_type, instance_type, max_depth, path)
2026-09-12 20:55:39 <- search_game_tree (0.0s): [{"name":"AirportControlTower","className":"ProceduralModel","childSummary":"1 c
2026-09-12 20:56:38 -> tool  search_game_tree(datamodel_type, instance_type, max_depth, path)
2026-09-12 20:56:38 <- search_game_tree (0.1s): [{"name":"AirportControlTower","className":"ProceduralModel","childSummary":"1 c
2026-09-12 21:02:33 -> tool  screen_capture(camera_position, capture_id, look_at_position)
2026-09-12 21:02:34 <- screen_capture (1.0s): 
2026-09-12 21:03:36 -> tool  inspect_instance(path)
2026-09-12 21:03:36 <- inspect_instance (0.0s): {"path":"Workspace.AirportTerminal","name":"AirportTerminal","className":"Proced
2026-09-12 21:05:03 -> tool  screen_capture(camera_position, capture_id, look_at_position)
2026-09-12 21:05:04 <- screen_capture (1.1s): 
2026-09-12 21:05:19 -> tool  execute_luau(datamodel_type, code)
2026-09-12 21:05:20 <- execute_luau (0.1s): {"1":"Terminal_Large ok (40x10x15)","2":"ControlTower ok (10x40x10)"}
2026-09-12 21:05:28 -> tool  inspect_instance(path)
2026-09-12 21:05:28 <- inspect_instance (0.0s): {"path":"ReplicatedStorage.AirportSystem.Assets.Terminal_Large","name":"Terminal
2026-09-12 21:06:13 -> tool  execute_luau(datamodel_type, code)
2026-09-12 21:06:13 <- execute_luau (0.1s): {"1":"Terminal_Large(112x28x42)","2":"ControlTower(15x60x15)"}
2026-09-12 21:08:58 -> tool  execute_luau(datamodel_type, code)
2026-09-12 21:08:58 <- execute_luau (0.1s): {"ok":true,"size":"112x28x42"}
2026-09-12 21:09:46 -> tool  generate_procedural_model(async, prompt, segmentation)
2026-09-12 21:09:46 <- generate_procedural_model (0.0s): {"jobId":"ad84adc2-3f86-4f39-91b0-04298b84baed","status":"Running"}
2026-09-12 21:09:52 -> tool  generate_procedural_model(async, prompt, segmentation)
2026-09-12 21:09:52 <- generate_procedural_model (0.0s): {"jobId":"79ed1cd0-c940-4827-93cb-da96859a2281","status":"Running"}
2026-09-12 21:09:58 -> tool  generate_procedural_model(async, prompt, segmentation)
2026-09-12 21:09:58 <- generate_procedural_model (0.0s): {"jobId":"93bb5674-f9b5-4106-a634-3e9cf68c967e","status":"Running"}
2026-09-12 21:13:12 -> tool  search_game_tree(datamodel_type, instance_type, max_depth, path)
2026-09-12 21:13:12 <- search_game_tree (0.0s): [{"name":"AirportTerminal","className":"ProceduralModel","childSummary":"2 child
2026-09-12 21:13:45 -> tool  execute_luau(datamodel_type, code)
2026-09-12 21:13:45 <- execute_luau (0.1s): {"1":"AirportTerminal @ 76, 5, 65 size 40x10x15","3":"AirportTerminal @ 86, 11, 
2026-09-12 21:14:26 -> tool  execute_luau(datamodel_type, code)
2026-09-12 21:14:26 <- execute_luau (0.1s): {"1":"Terminal_Small(40x10x15)","3":"Gate_A(10x10x10)","2":"Terminal_Medium(60x2
2026-09-12 21:18:52 -> tool  generate_procedural_model(async, prompt, segmentation)
2026-09-12 21:18:52 <- generate_procedural_model (0.0s): {"jobId":"13fad4ca-ef49-4c19-9c1a-d10d83f4ec92","status":"Running"}
2026-09-12 21:18:58 -> tool  generate_procedural_model(async, prompt, segmentation)
2026-09-12 21:18:58 <- generate_procedural_model (0.0s): {"jobId":"61c012d8-15f5-45dd-b412-95dfba5e028d","status":"Running"}
2026-09-12 21:19:04 -> tool  search_game_tree(datamodel_type, instance_type, max_depth, path)
2026-09-12 21:19:04 <- search_game_tree (0.0s): [{"name":"AirportTerminal","className":"ProceduralModel","childSummary":"2 child
2026-09-12 21:19:09 -> tool  execute_luau(datamodel_type, code)
2026-09-12 21:19:17 <- execute_luau (8.1s)  [SLOW]: {"1":"AirportTerminal(40x10x15)","3":"AirportTerminal(60x20x25)","2":"AirportCon
2026-09-12 21:19:23 -> tool  execute_luau(datamodel_type, code)
2026-09-12 21:19:35 <- execute_luau (12.1s)  [SLOW]: []
2026-09-12 21:19:42 -> tool  execute_luau(datamodel_type, code)
2026-09-12 21:19:54 <- execute_luau (12.1s)  [SLOW]: []
2026-09-12 21:20:49 -> tool  execute_luau(datamodel_type, code)
2026-09-12 21:20:49 <- execute_luau (0.1s): {"1":"AirportTerminal(40x10x15)","3":"AirportTerminal(60x20x25)","2":"AirportCon
2026-09-12 21:20:56 -> tool  execute_luau(datamodel_type, code)
2026-09-12 21:21:11 <- execute_luau (15.1s)  [SLOW]: {"1":"AirportTerminal(40x10x15)","3":"AirportTerminal(60x20x25)","2":"AirportCon
2026-09-12 21:21:18 -> tool  execute_luau(datamodel_type, code)
2026-09-12 21:21:18 <- execute_luau (0.1s): Parking_Large(40x13x40)
2026-09-12 21:21:25 -> tool  execute_luau(datamodel_type, code)
2026-09-12 21:21:25 <- execute_luau (0.1s): {"1":"AirportTerminal(40x10x15)","3":"AirportTerminal(60x20x25)","2":"AirportCon
2026-09-12 21:21:30 -> tool  execute_luau(datamodel_type, code)
2026-09-12 21:21:45 <- execute_luau (15.1s)  [SLOW]: {"1":"AirportTerminal(40x10x15)","3":"AirportTerminal(60x20x25)","2":"AirportCon
2026-09-12 21:23:45 -> tool  generate_procedural_model(async, prompt, segmentation)
2026-09-12 21:23:45 <- generate_procedural_model (0.0s): {"jobId":"06a2be48-c4a6-499f-bbde-dd5ed573d743","status":"Running"}
2026-09-12 21:23:52 -> tool  generate_procedural_model(async, prompt, segmentation)
2026-09-12 21:23:52 <- generate_procedural_model (0.0s): {"jobId":"1f92910a-e9ec-4f48-9bcc-63c55ef346dc","status":"Running"}
2026-09-12 21:23:59 -> tool  execute_luau(datamodel_type, code)
2026-09-12 21:24:14 <- execute_luau (15.1s)  [SLOW]: {"1":"AirportTerminal(40x10x15)","3":"AirportTerminal(60x20x25)","2":"AirportCon
2026-09-12 21:24:20 -> tool  execute_luau(datamodel_type, code)
2026-09-12 21:24:21 <- execute_luau (0.1s): Service_Cafe(10x10x10)
2026-09-12 21:24:26 -> tool  execute_luau(datamodel_type, code)
2026-09-12 21:24:36 <- execute_luau (10.1s)  [SLOW]: {"1":"AirportTerminal(40x10x15)","3":"AirportTerminal(60x20x25)","2":"AirportCon
2026-09-12 23:00:29 -> tool  get_console_output()
2026-09-12 23:00:29 <- get_console_output (0.0s): cloud_98896107805157.GUIPresetPlugin.DownloadableScripts.UIAnimationCLIENT:1: at
2026-09-12 23:00:36 -> tool  execute_luau(datamodel_type, code)
2026-09-12 23:00:36 <- execute_luau (0.1s): {"1":"AirportTerminal(40x10x15)","3":"AirportTerminal(60x20x25)","2":"AirportCon
2026-09-12 23:44:21 extension disconnected  [0 client(s)]
2026-09-12 23:47:07 extension connected  (127.0.0.1)  [1 client(s)]
2026-09-12 23:47:25 -> tool  execute_luau(datamodel_type, code)
2026-09-12 23:47:25 <- execute_luau (0.1s): {"1":"AirportTerminal(40x10x15)","3":"AirportTerminal(60x20x25)","2":"AirportCon
2026-09-12 23:48:27 -> tool  execute_luau(datamodel_type, code)
2026-09-12 23:48:27 <- execute_luau (0.1s): {"1":"AirportTerminal(40x10x15)","3":"AirportTerminal(60x20x25)","2":"AirportCon
2026-09-13 00:07:35 -> tool  execute_luau(datamodel_type, code)
2026-09-13 00:07:35 <- execute_luau (0.1s): {"1":"CheckIn_Desk(16x8x8)","2":"Security_Small(8x8x8)"}
2026-09-13 00:07:47 -> tool  generate_procedural_model(async, prompt, segmentation)
2026-09-13 00:07:47 <- generate_procedural_model (0.0s): {"jobId":"66c22b83-83e6-49de-b26a-30fb15c09778","status":"Running"}
2026-09-13 00:08:21 -> tool  generate_procedural_model(async, prompt, segmentation)
2026-09-13 00:08:21 <- generate_procedural_model (0.1s): {"jobId":"90bd9436-2211-4af2-9bb3-bbe97ae267d5","status":"Running"}
2026-09-13 00:08:28 -> tool  multi_edit(datamodel_type, file_path, edits)
2026-09-13 00:08:28 <- multi_edit (0.0s): Modified Memory (ModuleScript) with 1 edits applied
2026-09-13 00:09:02 -> tool  execute_luau(datamodel_type, code)
2026-09-13 00:09:02 <- execute_luau (0.1s): {"1":"AirportTerminal(40x10x15)","3":"AirportTerminal(60x20x25)","2":"AirportCon
2026-09-13 00:10:43 -> tool  execute_luau(datamodel_type, code)
2026-09-13 00:10:54 extension disconnected  [0 client(s)]
2026-09-13 00:10:58 <- execute_luau (15.1s)  [SLOW]: {"1":"BaggageClaim(30x15x30)","2":"DutyFreeShop(10x10x10)"}
2026-09-13 00:11:15 [roblox] stdout closed (process ended, exit code None)
2026-09-13 08:29:11 ===== BRIDGE START  v1.5.5  pid=19700  log=C:\Users\robin\Downloads\ZeroScript-Free-1.5.5\ZeroScript-Free-1.5.5\logs\bridge_debug.log =====
2026-09-13 08:29:12 configured 1 MCP server(s): roblox
2026-09-13 08:29:12 listening on ws://127.0.0.1:17613  - load the extension and open a supported AI chat
2026-09-13 08:29:12 [roblox] launching  (C:\Users\robin\AppData\Local\Programs\Python\Python314\python.exe C:\Users\robin\Downloads\ZeroScript-Free-1.5.5\ZeroScript-Free-1.5.5\launch_studio_mcp.py)
2026-09-13 08:29:12 [roblox] stderr: launch_studio_mcp: using C:\Users\robin\AppData\Local\Roblox\Versions\version-93202a13414c4131\StudioMCP.exe
2026-09-13 08:29:12 [roblox] MCP server up  (28 tools advertised)
2026-09-13 08:29:13 extension connected  (127.0.0.1)  [1 client(s)]
2026-09-13 08:29:14 ready 28 tools available - Roblox Studio connected
2026-09-13 08:30:35 -> tool  execute_luau(datamodel_type, code)
2026-09-13 08:30:35 <- execute_luau (0.1s): {"1":"AirportSystem (Folder, 1)","15":"Baseplate (Part, 0)","3":"AirportControlT
2026-09-13 08:40:03 -> tool  execute_luau(datamodel_type, code)
2026-09-13 08:40:03 <- execute_luau (0.1s): {"1":"Baggage_Belt(8x4x8)","2":"Service_Shop(10x10x10)"}
2026-09-13 08:41:42 -> tool  execute_luau(datamodel_type, code)
2026-09-13 08:41:42 <- execute_luau (0.1s): {"spawnRemoved":false,"moved":11}
2026-09-13 08:41:49 -> tool  execute_luau(datamodel_type, code)
2026-09-13 08:41:49 <- execute_luau (0.1s): {"1":"AirportSystem:Folder","2":"Baseplate:Part"}
2026-09-13 08:41:56 -> tool  screen_capture(camera_position, capture_id, look_at_position)
2026-09-13 08:41:57 <- screen_capture (1.1s): 
2026-09-13 08:42:10 -> tool  inspect_instance(path)
2026-09-13 08:42:10 <- inspect_instance (0.0s): {"path":"ReplicatedStorage.AirportSystem.PlotTemplate","name":"PlotTemplate","cl
2026-09-13 08:42:22 -> tool  execute_luau(datamodel_type, code)
2026-09-13 08:42:22 <- execute_luau (0.1s): {"children":98}
2026-09-13 08:42:28 -> tool  start_stop_play(is_start)
2026-09-13 08:42:31 <- start_stop_play (3.1s): Game Started
2026-09-13 08:42:37 -> tool  screen_capture(camera_position, capture_id, look_at_position)
2026-09-13 08:42:38 <- screen_capture (1.1s): 
2026-09-13 08:42:49 -> tool  start_stop_play(is_start)
2026-09-13 08:42:50 <- start_stop_play (1.0s): Game Stopped
2026-09-13 08:42:56 -> tool  multi_edit(datamodel_type, file_path, edits)
2026-09-13 08:42:56 <- multi_edit (0.1s): Modified Memory (ModuleScript) with 1 edits applied
2026-09-13 08:43:40 -> tool  search_asset(query, assetType, scope, maxResults, priceFilter)
2026-09-13 08:43:40 <- search_asset (0.3s): {"availableFacets":["runway","control tower","airplane","hangar","security check
2026-09-13 08:43:47 -> tool  insert_asset(assetId, assetName, assetType, parentPath)
2026-09-13 08:43:50 <- insert_asset (2.3s): {"insertGuid":"e9a60697-c255-42f2-8fbf-85fb387c8698","insertedInstances":[{"full
2026-09-13 08:43:55 -> tool  execute_luau(datamodel_type, code)
2026-09-13 08:43:56 <- execute_luau (0.1s): {"textures":0,"meshes":224,"parts":2317,"unions":0,"children":49,"size":"218x40x
2026-09-13 08:44:02 -> tool  screen_capture()
2026-09-13 08:44:02 <- screen_capture (0.0s): Missing required argument: capture_id
2026-09-13 08:44:07 -> tool  screen_capture(capture_id, camera_position, look_at_position)
2026-09-13 08:44:08 <- screen_capture (0.9s): 
2026-09-13 08:44:17 -> tool  execute_luau(datamodel_type, code)
2026-09-13 08:44:17 <- execute_luau (0.1s): {"size":"218.0000457763672, 40, 336.00006103515625","pos":"260.1864318847656, 20
2026-09-13 08:44:23 -> tool  screen_capture(camera_position, capture_id, look_at_position)
2026-09-13 08:44:24 <- screen_capture (0.9s): 
2026-09-13 08:44:36 -> tool  execute_luau(datamodel_type, code)
2026-09-13 08:44:36 <- execute_luau (0.1s): removed
2026-09-13 08:44:44 -> tool  search_asset(assetType, maxResults, priceFilter, query, scope)
2026-09-13 08:44:44 <- search_asset (0.2s): {"scope":"creator_store","nextSteps":["Review the results and choose the best as
2026-09-13 08:44:53 -> tool  insert_asset(assetId, assetName, assetType, parentPath)
2026-09-13 08:44:54 <- insert_asset (1.4s): {"insertGuid":"76bbef80-7175-4326-a9f0-1aae2b46877a","insertedInstances":[{"full
2026-09-13 08:45:00 -> tool  execute_luau(datamodel_type, code)
2026-09-13 08:45:00 <- execute_luau (0.1s): {"pos":"266.1563720703125, 39.50401306152344, 232.89215087890625","meshes":3,"si
2026-09-13 08:45:06 -> tool  screen_capture(camera_position, capture_id, look_at_position)
2026-09-13 08:45:07 <- screen_capture (1.0s): 
2026-09-13 08:45:18 -> tool  execute_luau(datamodel_type, code)
2026-09-13 08:45:18 <- execute_luau (0.1s): ControlTower(15x26x14)
2026-09-13 08:45:26 -> tool  insert_asset(assetId, assetName, assetType, parentPath)
2026-09-13 08:45:26 <- insert_asset (0.3s): {"insertGuid":"4dd5d7d2-d9c7-40b6-8acb-f1185bafea7b","insertedInstances":[{"full
2026-09-13 08:45:37 -> tool  execute_luau(datamodel_type, code)
2026-09-13 08:45:37 <- execute_luau (0.1s): {"size":"31x56x29"}
2026-09-13 08:45:44 -> tool  multi_edit(datamodel_type, file_path, edits)
2026-09-13 08:45:44 <- multi_edit (0.1s): Modified ObjectConfig (ModuleScript) with 1 edits applied
2026-09-13 08:46:24 -> tool  execute_luau(datamodel_type, code)
2026-09-13 08:46:24 <- execute_luau (0.1s): sabuiltin_Assistant.rbxm.Assistant.Packages._Index.AssistantUI.AssistantUI.Tools
2026-09-13 08:46:29 -> tool  execute_luau(datamodel_type, code)
2026-09-13 08:46:30 <- execute_luau (0.1s): {"placed":true}
2026-09-13 08:46:35 -> tool  screen_capture(camera_position, capture_id, look_at_position)
2026-09-13 08:46:36 <- screen_capture (0.9s): 
2026-09-13 08:46:46 -> tool  execute_luau(datamodel_type, code)
2026-09-13 08:46:46 <- execute_luau (0.1s): cleaned
2026-09-13 08:46:53 -> tool  multi_edit(datamodel_type, file_path, edits)
2026-09-13 08:46:54 <- multi_edit (0.1s): Modified Memory (ModuleScript) with 1 edits applied
2026-09-13 08:47:03 -> tool  insert_asset(assetId, assetName, assetType, parentPath)
2026-09-13 08:47:04 <- insert_asset (0.6s): {"insertGuid":"fa2f45eb-ffd6-4d3e-ba5a-678750f26cd2","insertedInstances":[{"full
2026-09-13 08:47:11 -> tool  execute_luau(datamodel_type, code)
2026-09-13 08:47:12 <- execute_luau (0.3s): {"size":"184x32x274"}
2026-09-13 08:47:19 -> tool  multi_edit(datamodel_type, file_path, edits)
2026-09-13 08:47:19 <- multi_edit (0.1s): Modified ObjectConfig (ModuleScript) with 1 edits applied
2026-09-13 08:49:17 -> tool  execute_luau(datamodel_type, code)
2026-09-13 08:49:17 <- execute_luau (0.2s): {"ok":true}
2026-09-13 08:56:44 -> tool  screen_capture(camera_position, capture_id, look_at_position)
2026-09-13 08:56:45 <- screen_capture (1.0s): 
2026-09-13 08:56:53 -> tool  execute_luau(datamodel_type, code)
2026-09-13 08:56:53 <- execute_luau (0.1s): cleaned
2026-09-13 08:57:25 [roblox] stdout closed (process ended, exit code None)
2026-09-14 18:28:53 ===== BRIDGE START  v1.5.5  pid=21728  log=C:\Users\robin\Downloads\ZeroScript-Free-1.5.5\ZeroScript-Free-1.5.5\logs\bridge_debug.log =====
2026-09-14 18:28:53 configured 1 MCP server(s): roblox
2026-09-14 18:28:53 listening on ws://127.0.0.1:17613  - load the extension and open a supported AI chat
2026-09-14 18:28:53 [roblox] launching  (C:\Users\robin\AppData\Local\Programs\Python\Python314\python.exe C:\Users\robin\Downloads\ZeroScript-Free-1.5.5\ZeroScript-Free-1.5.5\launch_studio_mcp.py)
2026-09-14 18:28:53 [roblox] stderr: launch_studio_mcp: using C:\Users\robin\AppData\Local\Roblox\Versions\version-93202a13414c4131\StudioMCP.exe
2026-09-14 18:28:53 [roblox] MCP server up  (28 tools advertised)
2026-09-14 18:28:55 extension connected  (127.0.0.1)  [1 client(s)]
2026-09-14 18:28:56 ready 28 tools available - Roblox Studio connected
2026-09-14 18:32:49 -> tool  script_read(target_file)
2026-09-14 18:32:49 <- script_read (0.0s): sabuiltin_Assistant.rbxm.Assistant.Packages._Index.AssistantUI.AssistantUI.Tools
2026-09-14 18:32:53 -> tool  get_studio_state()
2026-09-14 18:32:53 <- get_studio_state (0.0s): - Current Studio Mode: Edit - Available DataModels: Edit - Focused DataModel in 
2026-09-14 18:32:56 -> tool  search_game_tree(datamodel_type, head_limit)
2026-09-14 18:32:56 <- search_game_tree (0.0s): Note: Output limited to 200 nodes (results truncated)  [{"fullPath":"⚡ Chronos D
2026-09-14 18:33:49 -> tool  execute_luau(datamodel_type, code)
2026-09-14 18:33:49 <- execute_luau (0.1s): sabuiltin_Assistant.rbxm.Assistant.Packages._Index.AssistantUI.AssistantUI.Tools
2026-09-14 18:33:59 -> tool  inspect_instance(path)
2026-09-14 18:33:59 <- inspect_instance (0.0s): {"path":"ReplicatedStorage.Obby","name":"Obby","className":"Folder","attributes"
2026-09-14 18:34:07 -> tool  multi_edit(datamodel_type, className, file_path, edits)
2026-09-14 18:34:07 <- multi_edit (0.1s): Created ObbyConfig (ModuleScript) with 1 edits applied
2026-09-14 18:34:15 -> tool  execute_luau(datamodel_type, code)
2026-09-14 18:34:15 <- execute_luau (0.1s): {"stages":40,"first":true}
2026-09-14 18:34:30 -> tool  multi_edit(datamodel_type, className, file_path, edits)
2026-09-14 18:34:30 <- multi_edit (0.1s): Created ObbyServer (Script) with 1 edits applied
2026-09-14 18:34:39 -> tool  execute_luau(datamodel_type, code)
2026-09-14 18:34:39 <- execute_luau (0.1s): {"ok":true,"barButtons":6,"hudChildren":6}
2026-09-14 18:34:48 -> tool  execute_luau(datamodel_type, code)
2026-09-14 18:34:48 <- execute_luau (0.1s): {"ok":true,"stageButtons":41}
2026-09-14 18:35:01 -> tool  execute_luau(datamodel_type, code)
2026-09-14 18:35:01 <- execute_luau (0.1s): {"ok":true,"shopCards":15}
2026-09-14 18:36:56 -> tool  multi_edit(datamodel_type, className, file_path, edits)
2026-09-14 18:36:56 <- multi_edit (0.1s): Created ObbyClient (LocalScript) with 1 edits applied
2026-09-14 18:37:59 -> tool  start_stop_play(is_start)
2026-09-14 18:38:01 <- start_stop_play (2.9s): Game Started
2026-09-14 18:39:16 -> tool  get_console_output()
2026-09-14 18:39:16 <- get_console_output (0.0s): [ObbyServer] pret cloud_98896107805157.GUIPresetPlugin.DownloadableScripts.UIAni
2026-09-14 18:39:19 -> tool  start_stop_play(is_start)
2026-09-14 18:39:20 <- start_stop_play (1.0s): Game Stopped
2026-09-14 18:40:42 -> tool  multi_edit(className, datamodel_type, file_path, edits)
2026-09-14 18:40:42 <- multi_edit (0.1s): Created Memory (ModuleScript) with 1 edits applied
2026-09-14 18:43:03 -> tool  execute_luau(code, datamodel_type)
2026-09-14 18:43:03 <- execute_luau (0.1s): {"ok":true,"children":9}
2026-09-14 18:43:35 -> tool  script_read(target_file)
2026-09-14 18:43:35 <- script_read (0.0s):      1→--[[ ObbyClient : pilote l'UI ObbyUI ]]      2→local Players = game:GetSe
2026-09-14 18:45:50 -> tool  multi_edit(datamodel_type, file_path, edits)
2026-09-14 18:45:51 <- multi_edit (0.1s): Modified ObbyClient (LocalScript) with 4 edits applied
2026-09-14 18:45:54 -> tool  start_stop_play(is_start)
2026-09-14 18:45:57 <- start_stop_play (3.0s): Game Started
2026-09-14 18:49:52 -> tool  start_stop_play(is_start)
2026-09-14 18:49:53 <- start_stop_play (1.0s): Game Stopped
2026-09-14 18:50:07 -> tool  execute_luau(code, datamodel_type)
2026-09-14 18:50:07 <- execute_luau (0.1s): {"ok":true,"hud":9,"bar":5}
2026-09-14 18:50:23 -> tool  execute_luau(code, datamodel_type)
2026-09-14 18:50:23 <- execute_luau (0.1s): {"ok":true,"panels":4}
2026-09-14 18:50:31 -> tool  script_read(target_file)
2026-09-14 18:50:31 <- script_read (0.0s):      1→--[[ ObbyClient : pilote l'UI ObbyUI ]]      2→local Players = game:GetSe
2026-09-14 18:50:38 -> tool  multi_edit(datamodel_type, file_path, edits)
2026-09-14 18:50:38 <- multi_edit (0.1s): Modified ObbyClient (LocalScript) with 5 edits applied
2026-09-14 18:50:42 -> tool  start_stop_play(is_start)
2026-09-14 18:50:45 <- start_stop_play (3.0s): Game Started
2026-09-14 18:50:48 -> tool  get_console_output()
2026-09-14 18:50:48 <- get_console_output (0.0s): [ObbyServer] pret cloud_98896107805157.GUIPresetPlugin.DownloadableScripts.UIAni
2026-09-14 18:50:52 -> tool  multi_edit(datamodel_type, file_path, edits)
2026-09-14 18:50:52 <- multi_edit (0.0s): Edit datamodel is not available in Play mode
2026-09-14 18:50:55 -> tool  start_stop_play(is_start)
2026-09-14 18:50:56 <- start_stop_play (1.0s): Game Stopped
2026-09-14 18:51:00 -> tool  multi_edit(datamodel_type, file_path, edits)
2026-09-14 18:51:00 <- multi_edit (0.2s): Modified ObbyClient (LocalScript) with 1 edits applied
2026-09-14 18:51:06 -> tool  execute_luau(code, datamodel_type)
2026-09-14 18:51:06 <- execute_luau (0.1s): {"rows":true,"done":true}
2026-09-14 18:51:10 -> tool  multi_edit(datamodel_type, file_path, edits)
2026-09-14 18:51:10 <- multi_edit (0.1s): Modified ObbyClient (LocalScript) with 2 edits applied
2026-09-14 18:51:14 -> tool  start_stop_play(is_start)
2026-09-14 18:51:18 <- start_stop_play (4.1s): Game Started
2026-09-14 18:51:21 -> tool  get_console_output()
2026-09-14 18:51:21 <- get_console_output (0.0s): Failed to fetch ID verification for Mesh / Texture APIs. Error: Internal Error [
2026-09-14 18:51:24 -> tool  start_stop_play(is_start)
2026-09-14 18:51:25 <- start_stop_play (1.0s): Game Stopped
2026-09-14 18:51:30 -> tool  execute_luau(code, datamodel_type)
2026-09-14 18:51:30 <- execute_luau (0.1s): {"ok":true}
2026-09-14 18:51:33 -> tool  start_stop_play(is_start)
2026-09-14 18:51:36 <- start_stop_play (2.9s): Game Started
2026-09-14 18:51:39 -> tool  get_console_output()
2026-09-14 18:51:39 <- get_console_output (0.0s): [ObbyServer] pret cloud_98896107805157.GUIPresetPlugin.DownloadableScripts.UIAni
2026-09-14 18:51:42 -> tool  start_stop_play(is_start)
2026-09-14 18:51:43 <- start_stop_play (1.1s): Game Stopped
2026-09-14 18:51:47 -> tool  script_read(target_file)
2026-09-14 18:51:47 <- script_read (0.0s):      1→return [==[      2→# Project memory      3→## Overview      4→Difficulty 
2026-09-14 18:51:53 -> tool  multi_edit(datamodel_type, file_path, edits)
2026-09-14 18:51:53 <- multi_edit (0.1s): Modified Memory (ModuleScript) with 3 edits applied
2026-09-14 19:05:53 -> tool  execute_luau(code, datamodel_type)
2026-09-14 19:05:53 <- execute_luau (0.1s): {"folder":"Workspace.Obby.Stages","removed":40,"created":50}
2026-09-14 21:12:28 -> tool  inspect_instance(path)
2026-09-14 21:12:28 <- inspect_instance (0.0s): Error: Could not find any instances at path 'StarterGui.ObbyUI.StageSelectPanel'
2026-09-14 21:12:32 -> tool  search_game_tree(datamodel_type, path, max_depth, keywords)
2026-09-14 21:12:32 <- search_game_tree (0.0s): [{"parentName":"ObbyUI","fullPath":"StarterGui.ObbyUI.Selector","name":"Selector
2026-09-14 21:12:36 -> tool  inspect_instance(path)
2026-09-14 21:12:36 <- inspect_instance (0.0s): {"path":"StarterGui.ObbyUI.Selector","name":"Selector","className":"Frame","attr
2026-09-14 21:12:42 -> tool  execute_luau(code, datamodel_type)
2026-09-14 21:12:42 <- execute_luau (0.1s): {"ok":true}
2026-09-14 21:12:47 -> tool  search_game_tree(datamodel_type, head_limit, path, max_depth)
2026-09-14 21:12:47 <- search_game_tree (0.0s): Note: Output limited to 60 nodes (results truncated)  [{"parentName":"StarterGui
2026-09-14 21:12:52 -> tool  script_read(target_file, start_line_one_indexed, end_line_one_indexed_inclusive)
2026-09-14 21:12:52 <- script_read (0.0s):      1→--[[ ObbyClient : pilote l'UI ObbyUI ]]      2→local Players = game:GetSe
2026-09-14 21:14:20 -> tool  search_game_tree(datamodel_type, keywords, path, max_depth)
2026-09-14 21:14:20 <- search_game_tree (0.1s): [{"parentName":"Selector","fullPath":"StarterGui.ObbyUI.Selector.StageNumber","n
2026-09-14 23:23:47 -> tool  search_game_tree(datamodel_type, path, max_depth)
2026-09-14 23:23:47 <- search_game_tree (0.0s): [{"parentName":"⚡ Chronos Difficulty Chart","fullPath":"StarterGui","name":"Star
2026-09-14 23:23:51 -> tool  search_game_tree(datamodel_type, path, max_depth, head_limit)
2026-09-14 23:23:51 <- search_game_tree (0.0s): [{"parentName":"StarterGui","fullPath":"StarterGui.ShopGui","name":"ShopGui","cl
2026-09-14 23:23:55 -> tool  search_game_tree(datamodel_type, path, max_depth, head_limit)
2026-09-14 23:23:55 <- search_game_tree (0.0s): [{"parentName":"⚡ Chronos Difficulty Chart","fullPath":"ServerStorage","name":"S
2026-09-14 23:24:02 -> tool  inspect_instance(path)
2026-09-14 23:24:02 <- inspect_instance (0.0s): {"path":"StarterGui.ShopGui.Main.Items.Right.Template","name":"Template","classN
2026-09-14 23:24:07 -> tool  inspect_instance(path)
2026-09-14 23:24:07 <- inspect_instance (0.0s): {"path":"StarterGui.ShopGui.Main.Items.Right.Template.Top","name":"Top","classNa
2026-09-14 23:24:12 -> tool  inspect_instance(path)
2026-09-14 23:24:12 <- inspect_instance (0.0s): {"path":"StarterGui.ShopGui.Main.Items.Right.Template.Buy","name":"Buy","classNa
2026-09-14 23:24:16 -> tool  inspect_instance(path)
2026-09-14 23:24:16 <- inspect_instance (0.0s): {"path":"StarterGui.ShopGui.Main.Items.Right.Template.Center","name":"Center","c
2026-09-14 23:24:21 -> tool  inspect_instance(path)
2026-09-14 23:24:21 <- inspect_instance (0.0s): {"path":"StarterGui.ShopGui.Main.Items.Right.Template.Buy.Frame","name":"Frame",
2026-09-14 23:24:25 -> tool  inspect_instance(path)
2026-09-14 23:24:25 <- inspect_instance (0.0s): {"path":"StarterGui.ShopGui.Main.Items.Right.Template.Center.TextLabel","name":"
2026-09-14 23:24:32 -> tool  inspect_instance(path)
2026-09-14 23:24:32 <- inspect_instance (0.0s): {"path":"StarterGui.ShopGui.Main.Items.Left.ScrollingFrame1.ImageButton","name":
2026-09-14 23:24:40 -> tool  script_read(target_file)
2026-09-14 23:24:40 <- script_read (0.0s): sabuiltin_Assistant.rbxm.Assistant.Packages._Index.AssistantUI.AssistantUI.Tools
2026-09-14 23:24:42 -> tool  script_read(target_file)
2026-09-14 23:24:42 <- script_read (0.0s): sabuiltin_Assistant.rbxm.Assistant.Packages._Index.AssistantUI.AssistantUI.Tools
2026-09-14 23:24:44 -> tool  script_read(target_file)
2026-09-14 23:24:44 <- script_read (0.0s): sabuiltin_Assistant.rbxm.Assistant.Packages._Index.AssistantUI.AssistantUI.Tools
2026-09-14 23:24:48 -> tool  search_game_tree(datamodel_type, path, max_depth, head_limit)
2026-09-14 23:24:48 <- search_game_tree (0.0s): [{"parentName":"⚡ Chronos Difficulty Chart","fullPath":"ReplicatedStorage","name
2026-09-14 23:24:53 -> tool  search_game_tree(datamodel_type, head_limit, max_depth, path)
2026-09-14 23:24:53 <- search_game_tree (0.0s): [{"parentName":"⚡ Chronos Difficulty Chart","fullPath":"ServerScriptService","na
2026-09-14 23:24:57 -> tool  script_read(target_file)
2026-09-14 23:24:57 <- script_read (0.0s):      1→local Configurations = require(game.ReplicatedStorage.WOS.Configurations)
2026-09-14 23:25:00 -> tool  script_read(target_file)
2026-09-14 23:25:00 <- script_read (0.0s):      1→-- ◉ Make sure to like and favourite the model!      2→      3→--[[      
2026-09-14 23:25:11 -> tool  search_game_tree(datamodel_type, keywords, head_limit)
2026-09-14 23:25:11 <- search_game_tree (0.0s): No instances found matching keywords 'halo,Halo'
2026-09-14 23:25:15 -> tool  script_read(target_file)
2026-09-14 23:25:15 <- script_read (0.0s):      1→repeat wait() until game.ReplicatedStorage.WOS.Configurations ~= nil     
2026-09-14 23:25:26 -> tool  search_game_tree(datamodel_type, instance_type, path, max_depth)
2026-09-14 23:25:26 <- search_game_tree (0.0s): No instances found matching type 'LuaSourceContainer', path 'StarterGui.ShopGui'
2026-09-14 23:25:39 -> tool  execute_luau(code, datamodel_type)
2026-09-14 23:25:39 <- execute_luau (0.1s): {"gpGrid":{"CellPadding":"{0.0149999997, 0}, {0.0299999993, 0}","class":"UIGridL
2026-09-14 23:25:51 -> tool  execute_luau(code, datamodel_type)
2026-09-14 23:25:51 <- execute_luau (0.1s): {"ok":true,"remotes":6}
2026-09-14 23:25:59 -> tool  multi_edit(className, datamodel_type, file_path, edits)
2026-09-14 23:25:59 <- multi_edit (0.1s): Created ShopConfig (ModuleScript) with 1 edits applied
2026-09-14 23:27:09 -> tool  multi_edit(className, datamodel_type, file_path, edits)
2026-09-14 23:27:09 <- multi_edit (0.1s): Created ShopServer (Script) with 1 edits applied
2026-09-14 23:27:21 -> tool  multi_edit(className, datamodel_type, file_path, edits)
2026-09-14 23:27:21 <- multi_edit (0.1s): Created ShopClient (LocalScript) with 1 edits applied
2026-09-14 23:27:25 -> tool  start_stop_play(is_start)
2026-09-14 23:27:28 <- start_stop_play (3.2s): Game Started
2026-09-14 23:27:33 -> tool  get_console_output()
2026-09-14 23:27:33 <- get_console_output (0.0s): [ShopServer] pret cloud_98896107805157.GUIPresetPlugin.DownloadableScripts.UIAni
2026-09-14 23:27:37 -> tool  execute_luau(datamodel_type, code)
2026-09-14 23:27:37 <- execute_luau (0.1s): {"coils":[],"equipped":"Aurora","halos":{"Aurora":true}}
2026-09-14 23:27:43 -> tool  start_stop_play(is_start)
2026-09-14 23:27:44 <- start_stop_play (1.0s): Game Stopped
2026-09-14 23:27:50 -> tool  multi_edit(datamodel_type, file_path, edits)
2026-09-14 23:27:50 <- multi_edit (0.0s): sabuiltin_Assistant.rbxm.Assistant.Packages._Index.AssistantUI.AssistantUI.Tools
2026-09-14 23:27:54 -> tool  script_read(target_file)
2026-09-14 23:27:54 <- script_read (0.0s):      1→return [==[      2→# Project memory      3→## Overview      4→Difficulty 
2026-09-14 23:28:05 -> tool  multi_edit(datamodel_type, file_path, edits)
2026-09-14 23:28:05 <- multi_edit (0.2s): Modified Memory (ModuleScript) with 4 edits applied
2026-09-14 23:28:42 -> tool  get_studio_state()
2026-09-14 23:28:42 <- get_studio_state (0.0s): - Current Studio Mode: Edit - Available DataModels: Edit - Focused DataModel in 
2026-09-14 23:28:49 -> tool  execute_luau(code, datamodel_type)
2026-09-14 23:28:49 <- execute_luau (0.1s): {"ok":true}
2026-09-14 23:28:53 -> tool  script_read(target_file, start_line_one_indexed, end_line_one_indexed_inclusive)
2026-09-14 23:28:53 <- script_read (0.0s):      1→--[[ ShopClient : remplit et pilote ShopGui ]]      2→local Players = gam
2026-09-14 23:28:58 -> tool  multi_edit(datamodel_type, file_path, edits)
2026-09-14 23:28:58 <- multi_edit (0.0s): Modified ShopClient (LocalScript) with 1 edits applied
2026-09-14 23:29:02 -> tool  start_stop_play(is_start)
2026-09-14 23:29:05 <- start_stop_play (3.1s): Game Started
2026-09-14 23:29:09 -> tool  get_console_output()
2026-09-14 23:29:09 <- get_console_output (0.0s): [ShopServer] pret Data loaded: ID_1838966444 (RobinNoe171111's data: 10) cloud_9
2026-09-14 23:29:13 -> tool  start_stop_play(is_start)
2026-09-14 23:29:14 <- start_stop_play (1.0s): Game Stopped
2026-09-14 23:43:12 [roblox] stdout closed (process ended, exit code None)
2026-09-15 08:31:26 ===== BRIDGE START  v1.5.5  pid=10160  log=C:\Users\robin\Downloads\ZeroScript-Free-1.5.5\ZeroScript-Free-1.5.5\logs\bridge_debug.log =====
2026-09-15 08:31:26 configured 1 MCP server(s): roblox
2026-09-15 08:31:26 listening on ws://127.0.0.1:17613  - load the extension and open a supported AI chat
2026-09-15 08:31:26 [roblox] launching  (C:\Users\robin\AppData\Local\Programs\Python\Python314\python.exe C:\Users\robin\Downloads\ZeroScript-Free-1.5.5\ZeroScript-Free-1.5.5\launch_studio_mcp.py)
2026-09-15 08:31:26 [roblox] stderr: launch_studio_mcp: using C:\Users\robin\AppData\Local\Roblox\Versions\version-93202a13414c4131\StudioMCP.exe
2026-09-15 08:31:27 [roblox] MCP server up  (28 tools advertised)
2026-09-15 08:31:30 ready 28 tools available - Roblox Studio connected
2026-09-15 08:31:31 extension connected  (127.0.0.1)  [1 client(s)]
2026-09-15 08:33:35 -> tool  execute_luau(code, datamodel_type)
2026-09-15 08:33:35 <- execute_luau (0.1s): {"items":14,"gp":6}
2026-09-15 08:33:47 -> tool  multi_edit(datamodel_type, file_path, edits)
2026-09-15 08:33:47 <- multi_edit (0.0s): Modified ShopClient (LocalScript) with 1 edits applied
2026-09-15 08:33:51 -> tool  start_stop_play(is_start)
2026-09-15 08:33:54 <- start_stop_play (3.2s): Game Started
2026-09-15 08:33:57 -> tool  get_console_output()
2026-09-15 08:33:57 <- get_console_output (0.0s): [ShopServer] pret Data loaded: ID_1838966444 (RobinNoe171111's data: 10) cloud_9
2026-09-15 08:34:02 -> tool  start_stop_play(is_start)
2026-09-15 08:34:03 <- start_stop_play (1.1s): Game Stopped
2026-09-15 08:35:17 -> tool  multi_edit(datamodel_type, file_path, edits)
2026-09-15 08:35:17 <- multi_edit (0.1s): Modified Memory (ModuleScript) with 1 edits applied
2026-09-15 09:00:10 -> tool  execute_luau(code, datamodel_type)
2026-09-15 09:00:10 <- execute_luau (0.1s): {"changed":61}
2026-09-15 09:18:30 -> tool  script_grep(query)
2026-09-15 09:18:30 <- script_grep (0.0s): Path: StarterPlayer.StarterPlayerScripts.icons3 | Line: 21 | local icon__lobby, 
2026-09-15 09:18:34 -> tool  script_read(target_file, start_line_one_indexed, end_line_one_indexed_inclusive)
2026-09-15 09:18:34 <- script_read (0.0s):      1→local Configurations = require(game.ReplicatedStorage.WOS.Configurations)
2026-09-15 09:18:41 -> tool  search_game_tree(datamodel_type, max_depth, path)
2026-09-15 09:18:41 <- search_game_tree (0.0s): Note: Output limited to 200 nodes (results truncated)  [{"parentName":"⚡ Chronos
2026-09-15 09:18:47 -> tool  execute_luau(datamodel_type, code)
2026-09-15 09:18:47 <- execute_luau (0.1s): {"stageCount":14,"maxStage":12,"sendRemotes":{"1":"RemoteFunction:PromptModelPur
2026-09-15 09:19:17 -> tool  multi_edit(datamodel_type, file_path, edits)
2026-09-15 09:19:17 <- multi_edit (0.1s): Modified Other (Script) with 2 edits applied
2026-09-15 09:19:21 -> tool  script_read(end_line_one_indexed_inclusive, start_line_one_indexed, target_file)
2026-09-15 09:19:21 <- script_read (0.0s):      1→local Configurations = require(game.ReplicatedStorage.WOS.Configurations)
2026-09-15 09:19:26 -> tool  start_stop_play(is_start)
2026-09-15 09:19:29 <- start_stop_play (3.5s): Game Started
2026-09-15 09:19:32 -> tool  get_console_output()
2026-09-15 09:19:32 <- get_console_output (0.0s): [ShopServer] pret Data loaded: ID_1838966444 (RobinNoe171111's data: 12) cloud_9
2026-09-15 09:19:37 -> tool  execute_luau(datamodel_type, code)
2026-09-15 09:19:37 <- execute_luau (0.0s): sabuiltin_Assistant.rbxm.Assistant.Packages._Index.AssistantUI.AssistantUI.Tools
2026-09-15 09:19:42 -> tool  start_stop_play(is_start)
2026-09-15 09:19:43 <- start_stop_play (1.0s): Game Stopped
2026-09-15 09:20:29 -> tool  multi_edit(datamodel_type, file_path, edits)
2026-09-15 09:20:29 <- multi_edit (0.2s): Modified Other (Script) with 2 edits applied
2026-09-15 09:30:33 -> tool  inspect_instance(path)
2026-09-15 09:30:33 <- inspect_instance (0.0s): {"path":"Workspace.Stages.12","name":"12","className":"Part","uniqueId":"426949a
2026-09-15 09:30:38 -> tool  inspect_instance(path)
2026-09-15 09:30:38 <- inspect_instance (0.0s): {"path":"Workspace.Stages.11","name":"11","className":"Part","uniqueId":"426949a
2026-09-15 09:30:45 -> tool  execute_luau(code, datamodel_type)
2026-09-15 09:30:45 <- execute_luau (0.1s): {"ok":true,"stage13":true}
2026-09-15 10:25:51 -> tool  script_read(target_file)
2026-09-15 10:25:51 <- script_read (0.0s):      1→local Configurations = require(game.ReplicatedStorage.WOS.Configurations)
2026-09-15 10:26:00 -> tool  script_read(target_file)
2026-09-15 10:26:00 <- script_read (0.0s):      1→repeat wait() until script.Directions ~= nil      2→local Directions = re
2026-09-15 10:26:05 -> tool  script_read(target_file)
2026-09-15 10:26:05 <- script_read (0.0s):      1→local exeDirections = {}      2→      3→local Stages_In_Game = 0      4→ 
2026-09-15 10:26:15 -> tool  script_read(target_file)
2026-09-15 10:26:15 <- script_read (0.0s): sabuiltin_Assistant.rbxm.Assistant.Packages._Index.AssistantUI.AssistantUI.Tools
2026-09-15 10:26:19 -> tool  search_game_tree(datamodel_type, max_depth, path)
2026-09-15 10:26:19 <- search_game_tree (0.0s): [{"parentName":"WOS","fullPath":"ServerScriptService.WOS.FreeSkips","name":"Free
2026-09-15 10:26:22 -> tool  script_read(target_file)
2026-09-15 10:26:22 <- script_read (0.0s):      1→game.Players.PlayerAdded:Connect(function(plr)      2→	wait(1)      3→	lo
2026-09-15 10:26:39 -> tool  search_game_tree(datamodel_type, max_depth, path)
2026-09-15 10:26:39 <- search_game_tree (0.0s): [{"parentName":"WOS","fullPath":"ServerScriptService.WOS.Starter","name":"Starte
2026-09-15 10:26:50 -> tool  script_read(target_file)
2026-09-15 10:26:50 <- script_read (0.0s):      1→local infractures = 0      2→      3→wait(4)      4→      5→if game.Start
2026-09-15 10:27:03 -> tool  script_read(target_file)
2026-09-15 10:27:03 <- script_read (0.0s):      1→wait(5)      2→      3→local checklist = {      4→	ReplicatedStorage = fa
2026-09-15 10:27:17 -> tool  script_read(target_file)
2026-09-15 10:27:17 <- script_read (0.0s):      1→if workspace:FindFirstChild("SpecialParts") then      2→	if workspace.Spe
2026-09-15 10:27:54 -> tool  multi_edit(datamodel_type, file_path, edits)
2026-09-15 10:27:55 <- multi_edit (0.1s): Modified Checkpoints (Script) with 2 edits applied
2026-09-15 10:27:59 -> tool  script_read(target_file)
2026-09-15 10:27:59 <- script_read (0.0s):      1→local Configurations = require(game.ReplicatedStorage.WOS.Configurations)
2026-09-15 10:28:29 -> tool  script_read(target_file, start_line_one_indexed, end_line_one_indexed_inclusive)
2026-09-15 10:28:29 <- script_read (0.0s):      1→local Configurations = require(game.ReplicatedStorage.WOS.Configurations)
2026-09-15 10:28:36 -> tool  multi_edit(datamodel_type, file_path, edits)
2026-09-15 10:28:36 <- multi_edit (0.1s): Modified Checkpoints (Script) with 2 edits applied
2026-09-15 10:28:41 -> tool  start_stop_play(is_start)
2026-09-15 10:28:45 <- start_stop_play (3.9s): Game Started
2026-09-15 10:28:49 -> tool  get_console_output()
2026-09-15 10:28:49 <- get_console_output (0.0s): [ShopServer] pret Data loaded: ID_1838966444 (RobinNoe171111's data: 19) cloud_9
2026-09-15 10:28:57 -> tool  start_stop_play(is_start)
2026-09-15 10:28:58 <- start_stop_play (1.0s): Game Stopped
2026-09-15 10:29:07 -> tool  multi_edit(datamodel_type, file_path, edits)
2026-09-15 10:29:07 <- multi_edit (0.0s): sabuiltin_Assistant.rbxm.Assistant.Packages._Index.AssistantUI.AssistantUI.Tools
2026-09-15 10:29:11 -> tool  script_read(target_file)
2026-09-15 10:29:11 <- script_read (0.0s):      1→return [==[      2→# Project memory      3→## Overview      4→Difficulty 
2026-09-15 10:29:16 -> tool  multi_edit(datamodel_type, file_path, edits)
2026-09-15 10:29:16 <- multi_edit (0.1s): Modified Memory (ModuleScript) with 1 edits applied
2026-09-15 10:29:45 -> tool  script_read(target_file)
2026-09-15 10:29:45 <- script_read (0.0s):      1→game.Players.PlayerAdded:Connect(function(plr)      2→	wait(1)      3→	lo
2026-09-15 10:29:50 -> tool  multi_edit(datamodel_type, file_path, edits)
2026-09-15 10:29:50 <- multi_edit (0.1s): Modified Handler (Script) with 1 edits applied
2026-09-15 10:29:54 -> tool  start_stop_play(is_start)
2026-09-15 10:29:57 <- start_stop_play (3.5s): Game Started
2026-09-15 10:30:01 -> tool  get_console_output()
2026-09-15 10:30:01 <- get_console_output (0.0s): [ShopServer] pret cloud_98896107805157.GUIPresetPlugin.DownloadableScripts.UIAni
2026-09-15 10:30:05 -> tool  start_stop_play(is_start)
2026-09-15 10:30:06 <- start_stop_play (1.0s): Game Stopped
2026-09-15 10:32:28 -> tool  script_search(keywords)
2026-09-15 10:32:28 <- script_search (0.0s): Name: Settings | Type: ModuleScript | Path: Workspace.TimePlayedLeaderboard.Sett
2026-09-15 10:32:33 -> tool  search_game_tree(datamodel_type, max_depth, path)
2026-09-15 10:32:33 <- search_game_tree (0.0s): [{"parentName":"Frames","fullPath":"StarterGui.StageTransfer.Frames.Settings","n
2026-09-15 10:32:37 -> tool  script_read(target_file)
2026-09-15 10:32:37 <- script_read (0.0s):      1→local Configurations = require(game.ReplicatedStorage.WOS.Configurations)
2026-09-15 10:34:03 -> tool  script_read(target_file)
2026-09-15 10:34:03 <- script_read (0.0s):      1→repeat wait() until game.ReplicatedStorage.WOS.Configurations ~= nil     
2026-09-15 10:34:09 -> tool  inspect_instance(path)
2026-09-15 10:34:09 <- inspect_instance (0.0s): {"path":"StarterGui.StageTransfer.Frames.UIToggle","name":"UIToggle","className"
2026-09-15 10:34:18 -> tool  start_stop_play(is_start)
2026-09-15 10:34:21 <- start_stop_play (3.3s): Game Started
2026-09-15 10:34:24 -> tool  get_console_output()
2026-09-15 10:34:25 <- get_console_output (0.0s): [ShopServer] pret Data loaded: ID_1838966444 (RobinNoe171111's data: 20) cloud_9
2026-09-15 10:34:32 -> tool  script_read(target_file)
2026-09-15 10:34:32 <- script_read (0.0s):      1→local db = false      2→local toggle = {}      3→      4→function toggle:
2026-09-15 10:34:40 -> tool  script_read(target_file)
2026-09-15 10:34:40 <- script_read (0.0s):      1→--[[      2→	___       ________________      3→	__ |     / /_  __ \_  ___
2026-09-15 10:34:50 -> tool  execute_luau(datamodel_type, code)
2026-09-15 10:34:50 <- execute_luau (0.0s): Edit datamodel is not available in Play mode
2026-09-15 10:34:54 -> tool  start_stop_play(is_start)
2026-09-15 10:34:55 <- start_stop_play (1.0s): Game Stopped
2026-09-15 10:34:59 -> tool  execute_luau(datamodel_type, code)
2026-09-15 10:34:59 <- execute_luau (0.1s): {"FreeSkips":{"size":"{0.305999994, 0}, {0.674000025, 0}","hasY":true,"hasX":tru
2026-09-15 10:35:45 -> tool  start_stop_play(is_start)
2026-09-15 10:35:49 <- start_stop_play (3.7s): Game Started
2026-09-15 10:35:54 -> tool  execute_luau(datamodel_type, code)
2026-09-15 10:35:54 <- execute_luau (0.1s): {"settingsVisible":false,"containVisible":true,"lightingShadows":true,"settingsS
2026-09-15 10:36:03 -> tool  execute_luau(datamodel_type, code)
2026-09-15 10:36:04 <- execute_luau (0.6s): {"settingsVisible":true,"openErr":"The current thread cannot require 'Toggle' si
2026-09-15 10:36:08 -> tool  search_game_tree(datamodel_type, max_depth, path)
2026-09-15 10:36:08 <- search_game_tree (0.0s): Edit datamodel is not available in Play mode
2026-09-15 10:36:13 -> tool  start_stop_play(is_start)
2026-09-15 10:36:14 <- start_stop_play (1.0s): Game Stopped
2026-09-15 10:36:18 -> tool  search_game_tree(datamodel_type, max_depth, path)
2026-09-15 10:36:18 <- search_game_tree (0.0s): [{"parentName":"StarterPlayer","fullPath":"StarterPlayer.StarterPlayerScripts","
2026-09-15 10:36:23 -> tool  start_stop_play(is_start)
2026-09-15 10:36:27 <- start_stop_play (3.6s): Game Started
2026-09-15 10:36:32 -> tool  execute_luau(datamodel_type, code)
2026-09-15 10:36:35 <- execute_luau (3.1s): {"playerScripts":{"1":"icons3","4":"RbxCharacterSounds","3":"Client","2":"RToRes
2026-09-15 10:36:43 -> tool  execute_luau(datamodel_type, code)
2026-09-15 10:36:44 <- execute_luau (0.1s): {"TopbarStandard":{"1":"Show UI","2":"FPS: 61"},"TopbarCentered":[]}
2026-09-15 10:37:16 -> tool  execute_luau(datamodel_type, code)
2026-09-15 10:37:16 <- execute_luau (0.1s): {"count":9,"icons":{"1":{"vis":true,"img":"http://www.roblox.com/asset/?id=40344
2026-09-15 10:37:27 -> tool  execute_luau(datamodel_type, code)
2026-09-15 10:37:27 <- execute_luau (0.3s): {"abs":"816.784424, 276.048035","hitbox":"Players.RobinNoe171111.PlayerGui.Stage
2026-09-15 10:37:33 -> tool  user_mouse_input(datamodel_type, actions)
2026-09-15 10:37:33 <- user_mouse_input (0.5s): Success
2026-09-15 10:37:37 -> tool  execute_luau(datamodel_type, code)
2026-09-15 10:37:37 <- execute_luau (0.4s): {"shadowsAfter":true}
2026-09-15 10:37:49 -> tool  execute_luau(datamodel_type, code)
2026-09-15 10:37:49 <- execute_luau (0.1s): {"enabled":false,"iconImage":"rbxassetid://5959696880","disabled":true,"runConte
2026-09-15 10:37:54 -> tool  start_stop_play(is_start)
2026-09-15 10:37:55 <- start_stop_play (1.1s): Game Stopped
2026-09-15 10:37:58 -> tool  execute_luau(datamodel_type, code)
2026-09-15 10:37:59 <- execute_luau (0.1s): {"disabled":false,"enabled":true}
2026-09-15 10:38:04 -> tool  execute_luau(datamodel_type, code)
2026-09-15 10:38:04 <- execute_luau (0.1s): {"count":35,"disabled":{"35":"PluginGuiService.UIBlox Plugin.Main.Elements.Basic
2026-09-15 10:38:31 -> tool  start_stop_play(is_start)
2026-09-15 10:38:34 <- start_stop_play (3.6s): Game Started
2026-09-15 10:38:39 -> tool  execute_luau(datamodel_type, code)
2026-09-15 10:38:42 <- execute_luau (2.4s): {"handlerDisabled":false,"handlerEnabled":true,"shadowsBefore":true}
2026-09-15 10:38:46 -> tool  user_mouse_input(datamodel_type, actions)
2026-09-15 10:38:46 <- user_mouse_input (0.5s): Success
2026-09-15 10:38:50 -> tool  execute_luau(datamodel_type, code)
2026-09-15 10:38:50 <- execute_luau (0.4s): {"shadowsAfter":false}
2026-09-15 10:38:57 -> tool  start_stop_play(is_start)
2026-09-15 10:38:58 <- start_stop_play (1.0s): Game Stopped
2026-09-15 11:34:36 -> tool  start_stop_play(is_start)
2026-09-15 11:34:39 <- start_stop_play (3.6s): Game Started
2026-09-15 11:36:18 -> tool  execute_luau(datamodel_type, code)
2026-09-15 11:36:18 <- execute_luau (0.1s): {"leaderstatsStage":23,"stageCount":22,"posY":248,"rp":0,"tstage":25,"stages":{"
2026-09-15 11:36:27 -> tool  start_stop_play(is_start)
2026-09-15 11:36:28 <- start_stop_play (1.0s): Game Stopped
2026-09-15 11:36:34 -> tool  execute_luau(datamodel_type, code)
2026-09-15 11:36:34 <- execute_luau (0.1s): {"27":{"size":"5, 0.5, 5","name":"26","pos":"-0.2254939079284668, 245.9095001220
2026-09-15 11:36:55 -> tool  execute_luau(code, datamodel_type)
2026-09-15 11:36:55 <- execute_luau (0.1s): {"count":28,"created24":true,"renamedExtra7":"-436.92645263671875","names":{"22"
2026-09-15 11:37:21 -> tool  start_stop_play(is_start)
2026-09-15 11:37:25 <- start_stop_play (3.6s): Game Started
2026-09-15 12:10:44 -> tool  list_roblox_studios()
2026-09-15 12:10:44 <- list_roblox_studios (0.0s): {"studios":[{"id":"7fd4e65c-db82-4267-bf25-7a8c815ddfa5","name":"Make a Hotsauce
2026-09-15 12:10:47 -> tool  get_console_output(studio_id)
2026-09-15 12:10:48 <- get_console_output (0.0s): [ShopServer] pret ServerScriptService.WOS.Other:13: attempt to compare number < 
2026-09-15 12:10:52 -> tool  script_read(target_file, studio_id)
2026-09-15 12:10:52 <- script_read (0.0s): sabuiltin_Assistant.rbxm.Assistant.Packages._Index.AssistantUI.AssistantUI.Tools
2026-09-15 12:10:55 -> tool  script_search(keywords, studio_id)
2026-09-15 12:10:55 <- script_search (0.1s): No matches found for the given query.
2026-09-15 12:10:58 -> tool  search_game_tree(path, datamodel_type, max_depth, studio_id)
2026-09-15 12:10:58 <- search_game_tree (0.0s): Error: Could not find instance at path 'ServerScriptService.WOS'
2026-09-15 12:11:02 -> tool  search_game_tree(path, datamodel_type, max_depth, studio_id)
2026-09-15 12:11:02 <- search_game_tree (0.0s): [{"parentName":"Place2","fullPath":"ServerScriptService","name":"ServerScriptSer
2026-09-15 12:11:08 -> tool  get_studio_state(studio_id)
2026-09-15 12:11:08 <- get_studio_state (0.0s): - Current Studio Mode: Edit - Available DataModels: Edit - Focused DataModel in 
2026-09-15 12:11:14 -> tool  script_read(target_file, studio_id)
2026-09-15 12:11:14 <- script_read (0.0s): sabuiltin_Assistant.rbxm.Assistant.Packages._Index.AssistantUI.AssistantUI.Tools
2026-09-15 13:34:11 [roblox] stdout closed (process ended, exit code None)
2026-09-16 19:04:19 ===== BRIDGE START  v1.5.5  pid=1568  log=C:\Users\robin\Downloads\ZeroScript-Free-1.5.5\ZeroScript-Free-1.5.5\logs\bridge_debug.log =====
2026-09-16 19:04:20 configured 1 MCP server(s): roblox
2026-09-16 19:04:20 listening on ws://127.0.0.1:17613  - load the extension and open a supported AI chat
2026-09-16 19:04:20 [roblox] launching  (C:\Users\robin\AppData\Local\Programs\Python\Python314\python.exe C:\Users\robin\Downloads\ZeroScript-Free-1.5.5\ZeroScript-Free-1.5.5\launch_studio_mcp.py)
2026-09-16 19:04:20 [roblox] stderr: launch_studio_mcp: using C:\Users\robin\AppData\Local\Roblox\Versions\version-55808de4b1914919\StudioMCP.exe
2026-09-16 19:04:20 [roblox] MCP server up  (28 tools advertised)
2026-09-16 19:04:22 ready 28 tools available - Roblox Studio connected
2026-09-16 19:04:24 extension connected  (127.0.0.1)  [1 client(s)]
2026-09-16 19:07:10 -> tool  script_read(target_file)
2026-09-16 19:07:10 <- script_read (0.0s): sabuiltin_Assistant.rbxm.Assistant.Packages._Index.AssistantUI.AssistantUI.Tools
2026-09-16 19:07:15 -> tool  get_studio_state()
2026-09-16 19:07:15 <- get_studio_state (0.0s): - Current Studio Mode: Edit - Available DataModels: Edit - Focused DataModel in 
2026-09-16 19:08:20 -> tool  multi_edit(datamodel_type, file_path, className, edits)
2026-09-16 19:08:20 <- multi_edit (0.1s): Created Memory (ModuleScript) with 1 edits applied
2026-09-16 19:09:30 [roblox] stderr: 2026-09-16T23:09:30.082750Z ERROR StudioMCP::ws_server::server: WebSocket error from studio b3020e0c-10e6-4aad-a66e-69a6d6fc6627: IO error: Une connexion existante a dû être fermée par l’hôte distant. (os error 10054)
2026-09-16 19:09:33 -> tool  multi_edit(datamodel_type, file_path, className, edits)
2026-09-16 19:09:37 [roblox] stderr: 2026-09-16T23:09:37.541595Z  WARN StudioMCP::ws_server::server: No studio available for proxy 686c9f66-e711-4bbc-a66f-878fe7ebadf7
2026-09-16 19:09:37 [roblox] multi_edit: transient Studio drop, retrying once...
2026-09-16 19:09:39 [roblox] stderr: 2026-09-16T23:09:39.043422Z  WARN StudioMCP::ws_server::server: No studio available for proxy 686c9f66-e711-4bbc-a66f-878fe7ebadf7
2026-09-16 19:09:39 <- multi_edit (5.3s)  [SLOW]: No Roblox Studio instances are connected. Ask the user to confirm that Studio is
2026-09-16 19:09:41 Roblox Studio disconnected - re-enable its MCP server (toggle off/on).
2026-09-16 19:09:42 Place closed (Studio app still connected).
2026-09-16 19:10:03 Roblox Studio is RUNNING but its MCP plugin has not registered with the bridge yet.
2026-09-16 19:10:03 If Studio is still STARTING UP, give it a minute (its plugin registers late in boot).
2026-09-16 19:10:03 If Studio is fully loaded and this stays yellow: in Roblox Studio, simply OPEN Assistant Settings > MCP Servers - opening that panel makes the plugin re-register (validated twice live). If that's not enough, toggle 'Enable Studio as MCP server' OFF then ON there.
2026-09-16 19:10:07 Roblox Studio connected - 28 tools ready.
2026-09-16 19:10:08 Place loaded in Studio.
2026-09-16 19:14:08 -> tool  execute_luau(datamodel_type, code)
2026-09-16 19:14:08 <- execute_luau (0.1s): {"created":{"1":"MoneyChanged","4":"PurchaseResult","3":"BuyProduct","2":"BuyGam
2026-09-16 19:14:29 [roblox] stderr: 2026-09-16T23:14:29.544434Z  WARN rmcp::service: response error id=235 error=ErrorData { code: ErrorCode(-32603), message: "Request timeout", data: None }
2026-09-16 19:40:17 -> tool  multi_edit(className, datamodel_type, edits)
2026-09-16 19:40:17 <- multi_edit (0.0s): Missing required argument: file_path
2026-09-16 21:41:09 [roblox] stderr: 2026-09-17T01:41:09.125244Z  WARN StudioMCP::ws_server::server: Proxy 686c9f66-e711-4bbc-a66f-878fe7ebadf7 sent a request without studio_id but multiple studios are connected
2026-09-16 21:41:13 [roblox] stderr: 2026-09-17T01:41:13.024043Z  WARN StudioMCP::ws_server::server: Proxy 686c9f66-e711-4bbc-a66f-878fe7ebadf7 sent a request without studio_id but multiple studios are connected
2026-09-16 21:41:13 [roblox] stderr: 2026-09-17T01:41:13.129575Z  WARN StudioMCP::ws_server::server: Proxy 686c9f66-e711-4bbc-a66f-878fe7ebadf7 sent a request without studio_id but multiple studios are connected
2026-09-16 21:41:17 [roblox] stderr: 2026-09-17T01:41:17.138445Z  WARN StudioMCP::ws_server::server: Proxy 686c9f66-e711-4bbc-a66f-878fe7ebadf7 sent a request without studio_id but multiple studios are connected
2026-09-16 21:41:21 [roblox] stderr: 2026-09-17T01:41:21.149370Z  WARN StudioMCP::ws_server::server: Proxy 686c9f66-e711-4bbc-a66f-878fe7ebadf7 sent a request without studio_id but multiple studios are connected
2026-09-16 21:41:23 [roblox] stderr: 2026-09-17T01:41:23.021088Z  WARN StudioMCP::ws_server::server: Proxy 686c9f66-e711-4bbc-a66f-878fe7ebadf7 sent a request without studio_id but multiple studios are connected
2026-09-16 21:41:25 [roblox] stderr: 2026-09-17T01:41:25.158765Z  WARN StudioMCP::ws_server::server: Proxy 686c9f66-e711-4bbc-a66f-878fe7ebadf7 sent a request without studio_id but multiple studios are connected
2026-09-16 21:41:29 [roblox] stderr: 2026-09-17T01:41:29.173935Z  WARN StudioMCP::ws_server::server: Proxy 686c9f66-e711-4bbc-a66f-878fe7ebadf7 sent a request without studio_id but multiple studios are connected
2026-09-16 21:41:33 [roblox] stderr: 2026-09-17T01:41:33.020602Z  WARN StudioMCP::ws_server::server: Proxy 686c9f66-e711-4bbc-a66f-878fe7ebadf7 sent a request without studio_id but multiple studios are connected
2026-09-16 21:41:33 [roblox] stderr: 2026-09-17T01:41:33.187057Z  WARN StudioMCP::ws_server::server: Proxy 686c9f66-e711-4bbc-a66f-878fe7ebadf7 sent a request without studio_id but multiple studios are connected
2026-09-16 21:41:37 [roblox] stderr: 2026-09-17T01:41:37.191477Z  WARN StudioMCP::ws_server::server: Proxy 686c9f66-e711-4bbc-a66f-878fe7ebadf7 sent a request without studio_id but multiple studios are connected
2026-09-16 21:41:41 [roblox] stderr: 2026-09-17T01:41:41.204924Z  WARN StudioMCP::ws_server::server: Proxy 686c9f66-e711-4bbc-a66f-878fe7ebadf7 sent a request without studio_id but multiple studios are connected
2026-09-16 21:41:43 [roblox] stderr: 2026-09-17T01:41:43.027591Z  WARN StudioMCP::ws_server::server: Proxy 686c9f66-e711-4bbc-a66f-878fe7ebadf7 sent a request without studio_id but multiple studios are connected
2026-09-16 21:41:45 [roblox] stderr: 2026-09-17T01:41:45.207769Z  WARN StudioMCP::ws_server::server: Proxy 686c9f66-e711-4bbc-a66f-878fe7ebadf7 sent a request without studio_id but multiple studios are connected
2026-09-16 21:41:49 [roblox] stderr: 2026-09-17T01:41:49.223095Z  WARN StudioMCP::ws_server::server: Proxy 686c9f66-e711-4bbc-a66f-878fe7ebadf7 sent a request without studio_id but multiple studios are connected
2026-09-16 21:41:53 [roblox] stderr: 2026-09-17T01:41:53.018128Z  WARN StudioMCP::ws_server::server: Proxy 686c9f66-e711-4bbc-a66f-878fe7ebadf7 sent a request without studio_id but multiple studios are connected
2026-09-16 21:41:53 [roblox] stderr: 2026-09-17T01:41:53.232289Z  WARN StudioMCP::ws_server::server: Proxy 686c9f66-e711-4bbc-a66f-878fe7ebadf7 sent a request without studio_id but multiple studios are connected
2026-09-17 17:43:49 ===== BRIDGE START  v1.5.5  pid=22788  log=C:\Users\robin\Downloads\ZeroScript-Free-1.5.5\ZeroScript-Free-1.5.5\logs\bridge_debug.log =====
2026-09-17 17:43:49 configured 1 MCP server(s): roblox
2026-09-17 17:43:49 listening on ws://127.0.0.1:17613  - load the extension and open a supported AI chat
2026-09-17 17:43:49 [roblox] launching  (C:\Users\robin\AppData\Local\Programs\Python\Python314\python.exe C:\Users\robin\Downloads\ZeroScript-Free-1.5.5\ZeroScript-Free-1.5.5\launch_studio_mcp.py)
2026-09-17 17:43:49 [roblox] stderr: launch_studio_mcp: using C:\Users\robin\AppData\Local\Roblox\Versions\version-55808de4b1914919\StudioMCP.exe
2026-09-17 17:43:49 [roblox] MCP server up  (28 tools advertised)
2026-09-17 17:43:49 extension connected  (127.0.0.1)  [1 client(s)]
2026-09-17 17:43:52 ready 28 tools available - Roblox Studio connected
2026-09-17 17:46:04 -> tool  script_read(target_file)
2026-09-17 17:46:04 <- script_read (0.0s): sabuiltin_Assistant.rbxm.Assistant.Packages._Index.AssistantUI.AssistantUI.Tools
2026-09-17 17:46:09 -> tool  generate_procedural_model(prompt, segmentation)
2026-09-17 17:48:09 <- generate_procedural_model (120.0s)  [SLOW]: No response from server 'roblox' after 120.0s.
2026-09-17 17:48:45 -> tool  execute_luau(code, datamodel_type)
2026-09-17 17:48:45 <- execute_luau (0.1s): {"ui":"StarterGui.ShopUI","cards":6,"ok":true}
2026-09-17 17:54:54 -> tool  get_studio_state()
2026-09-17 17:54:54 <- get_studio_state (0.0s): - Current Studio Mode: Edit - Available DataModels: Edit - Focused DataModel in 
2026-09-17 17:54:58 -> tool  search_game_tree(datamodel_type, path, max_depth, head_limit)
2026-09-17 17:54:58 <- search_game_tree (0.0s): Note: Output limited to 200 nodes (results truncated)  [{"fullPath":"Dodge the W
2026-09-17 17:55:03 -> tool  search_game_tree(datamodel_type, path, max_depth, head_limit)
2026-09-17 17:55:03 <- search_game_tree (0.0s): [{"parentName":"Dodge the Wall","fullPath":"ReplicatedStorage","name":"Replicate
2026-09-17 17:55:08 -> tool  execute_luau(code, datamodel_type)
2026-09-17 17:55:09 <- execute_luau (0.1s): Architecture created
2026-09-17 17:55:16 -> tool  multi_edit(datamodel_type, file_path, className, edits)
2026-09-17 17:55:16 <- multi_edit (0.1s): Created GameConfig (ModuleScript) with 1 edits applied
2026-09-17 17:55:22 -> tool  multi_edit(className, datamodel_type, edits, file_path)
2026-09-17 17:55:22 <- multi_edit (0.2s): Created WallConfig (ModuleScript) with 1 edits applied
2026-09-17 17:55:50 -> tool  multi_edit(className, datamodel_type, edits, file_path)
2026-09-17 17:55:50 <- multi_edit (0.1s): Created Utility (ModuleScript) with 1 edits applied
2026-09-17 17:56:21 -> tool  multi_edit(className, datamodel_type, edits, file_path)
2026-09-17 17:56:21 <- multi_edit (0.1s): Created UIConfig (ModuleScript) with 1 edits applied
2026-09-17 17:57:04 -> tool  multi_edit(className, datamodel_type, edits, file_path)
2026-09-17 17:57:04 <- multi_edit (0.1s): Created RoundConfig (ModuleScript) with 1 edits applied
2026-09-17 17:57:16 -> tool  execute_luau(code, datamodel_type)
2026-09-17 17:57:16 <- execute_luau (0.1s): Arena built
2026-09-17 17:57:21 -> tool  execute_luau(code, datamodel_type)
2026-09-17 17:57:21 <- execute_luau (0.1s): Lighting + lobby done
2026-09-17 17:58:59 -> tool  multi_edit(className, datamodel_type, edits, file_path)
2026-09-17 17:58:59 <- multi_edit (0.1s): Created DataManager (ModuleScript) with 1 edits applied
2026-09-17 18:00:10 -> tool  multi_edit(className, datamodel_type, edits, file_path)
2026-09-17 18:00:10 <- multi_edit (0.1s): Created PlayerManager (ModuleScript) with 1 edits applied
2026-09-17 18:01:12 -> tool  multi_edit(className, datamodel_type, edits, file_path)
2026-09-17 18:01:12 <- multi_edit (0.1s): Created WallManager (ModuleScript) with 1 edits applied
2026-09-17 18:01:25 -> tool  multi_edit(className, datamodel_type, edits, file_path)
2026-09-17 18:01:25 <- multi_edit (0.1s): Created RoundManager (ModuleScript) with 1 edits applied
2026-09-17 18:10:36 -> tool  multi_edit(className, datamodel_type, edits, file_path)
2026-09-17 18:10:36 <- multi_edit (0.1s): Created LeaderboardManager (ModuleScript) with 1 edits applied
2026-09-17 18:10:40 -> tool  multi_edit(className, datamodel_type, edits, file_path)
2026-09-17 18:10:40 <- multi_edit (0.1s): Created GameServer (Script) with 1 edits applied
2026-09-17 18:10:45 -> tool  script_read(target_file)
2026-09-17 18:10:45 <- script_read (0.0s):      1→-- GameServer: main server bootstrap. Wires all services together.      2
2026-09-17 18:10:49 -> tool  multi_edit(className, datamodel_type, edits, file_path)
2026-09-17 18:10:50 <- multi_edit (0.1s): Modified GameServer (Script) with 2 edits applied
2026-09-17 18:11:07 -> tool  execute_luau(code, datamodel_type)
2026-09-17 18:11:07 <- execute_luau (0.1s): MainUI built
2026-09-17 18:12:12 -> tool  multi_edit(className, datamodel_type, edits, file_path)
2026-09-17 18:12:12 <- multi_edit (0.1s): Created UIController (ModuleScript) with 1 edits applied
2026-09-17 18:12:18 -> tool  multi_edit(className, datamodel_type, edits, file_path)
2026-09-17 18:12:18 <- multi_edit (0.1s): Created ClientController (LocalScript) with 1 edits applied
2026-09-17 18:12:24 -> tool  multi_edit(className, datamodel_type, edits, file_path)
2026-09-17 18:12:24 <- multi_edit (0.1s): Created EffectsController (ModuleScript) with 1 edits applied
2026-09-17 18:12:28 -> tool  start_stop_play(is_start)
2026-09-17 18:12:31 <- start_stop_play (3.3s): Game Started
2026-09-17 18:12:34 -> tool  get_console_output()
2026-09-17 18:12:34 <- get_console_output (0.0s): [DodgeTheWall] GameServer starting... [DodgeTheWall] GameServer ready. cloud_988
2026-09-17 18:12:39 -> tool  execute_luau(code, datamodel_type)
2026-09-17 18:12:39 <- execute_luau (0.0s): sabuiltin_Assistant.rbxm.Assistant.Packages._Index.AssistantUI.AssistantUI.Tools
2026-09-17 18:12:43 -> tool  execute_luau(code, datamodel_type)
2026-09-17 18:13:03 <- execute_luau (20.0s)  [SLOW]: No response from server 'roblox' after 20.0s.
2026-09-17 18:13:07 -> tool  execute_luau(code, datamodel_type)
2026-09-17 18:13:07 <- execute_luau (0.1s): {"wallCount":0}
2026-09-17 18:13:11 -> tool  execute_luau(code, datamodel_type)
2026-09-17 18:13:26 <- execute_luau (15.1s)  [SLOW]: {"wallCount":0}
2026-09-17 18:13:29 -> tool  get_console_output()
2026-09-17 18:13:29 <- get_console_output (0.0s): [DodgeTheWall] GameServer starting... [DodgeTheWall] GameServer ready. cloud_988
2026-09-17 18:13:33 -> tool  execute_luau(code, datamodel_type)
2026-09-17 18:13:52 <- execute_luau (18.1s)  [SLOW]: {"wallCount":0}
2026-09-17 18:14:00 -> tool  execute_luau(code, datamodel_type)
2026-09-17 18:14:00 <- execute_luau (0.1s): {"hasUI":true,"timerText":"01:30","stateText":"INTERMISSION"}
2026-09-17 18:14:05 -> tool  execute_luau(code, datamodel_type)
2026-09-17 18:14:09 <- execute_luau (4.1s): {"before":"01:30","after":"01:30"}
2026-09-17 18:16:37 -> tool  execute_luau(code, datamodel_type)
2026-09-17 18:16:37 <- execute_luau (0.0s): Server datamodel is not available in Edit mode
2026-09-17 18:16:40 -> tool  get_studio_state()
2026-09-17 18:16:40 <- get_studio_state (0.0s): - Current Studio Mode: Edit - Available DataModels: Edit - Focused DataModel in 
2026-09-17 18:16:49 -> tool  script_read(target_file, start_line_one_indexed, end_line_one_indexed_inclusive, should_read_entire_file)
2026-09-17 18:16:49 <- script_read (0.0s):    130→		PlayerManager.resetForRound(p)    131→	end    132→    133→	-- Countdown
2026-09-17 18:17:53 -> tool  script_read(target_file)
2026-09-17 18:17:53 <- script_read (0.0s):      1→-- RoundManager: server-authoritative round lifecycle.      2→local Playe
2026-09-17 18:18:24 -> tool  multi_edit(className, datamodel_type, edits, file_path)
2026-09-17 18:18:24 <- multi_edit (0.1s): Modified GameConfig (ModuleScript) with 1 edits applied
2026-09-17 18:18:27 -> tool  start_stop_play(is_start)
2026-09-17 18:18:30 <- start_stop_play (3.0s): Game Started
2026-09-17 18:18:33 -> tool  execute_luau(code, datamodel_type)
2026-09-17 18:18:53 <- execute_luau (20.0s)  [SLOW]: No response from server 'roblox' after 20.0s.
2026-09-17 18:18:57 -> tool  get_console_output()
2026-09-17 18:18:57 <- get_console_output (0.0s): [DodgeTheWall] GameServer starting... [RoundManager] State -> Intermission 15 [D
2026-09-17 18:19:49 -> tool  execute_luau(code, datamodel_type)
2026-09-17 18:19:49 <- execute_luau (0.0s): sabuiltin_Assistant.rbxm.Assistant.Packages._Index.AssistantUI.AssistantUI.Tools
2026-09-17 18:20:00 -> tool  multi_edit(className, datamodel_type, edits)
2026-09-17 18:20:00 <- multi_edit (0.0s): Edit datamodel is not available in Play mode
2026-09-17 18:20:06 -> tool  start_stop_play(is_start)
2026-09-17 18:20:07 <- start_stop_play (1.0s): Game Stopped
2026-09-17 18:20:11 -> tool  multi_edit(className, datamodel_type, edits, file_path)
2026-09-17 18:20:11 <- multi_edit (0.1s): Modified ClientController (LocalScript) with 1 edits applied
2026-09-17 18:24:41 -> tool  start_stop_play(is_start)
2026-09-17 18:24:44 <- start_stop_play (3.2s): Game Started
2026-09-17 18:26:13 -> tool  execute_luau(code, datamodel_type)
2026-09-17 18:26:26 <- execute_luau (13.1s)  [SLOW]: {"before":"01:30","after":"01:30"}
2026-09-17 18:48:57 -> tool  get_console_output()
2026-09-17 18:48:57 <- get_console_output (0.0s): [DodgeTheWall] GameServer starting... [RoundManager] State -> Intermission 15 [D
2026-09-17 19:01:47 -> tool  start_stop_play(is_start)
2026-09-17 19:01:48 <- start_stop_play (1.0s): Game Stopped
2026-09-17 19:08:29 -> tool  multi_edit(className, datamodel_type, edits, file_path)
2026-09-17 19:08:29 <- multi_edit (0.1s): Modified RoundManager (ModuleScript) with 1 edits applied
2026-09-17 19:15:36 -> tool  multi_edit(className, datamodel_type, edits, file_path)
2026-09-17 19:15:36 <- multi_edit (0.1s): Modified WallManager (ModuleScript) with 1 edits applied
2026-09-17 19:15:45 [roblox] stdout closed (process ended, exit code None)
2026-09-17 20:14:18 ===== BRIDGE START  v1.5.5  pid=12376  log=C:\Users\robin\Downloads\ZeroScript-Free-1.5.5\ZeroScript-Free-1.5.5\logs\bridge_debug.log =====
2026-09-17 20:14:18 configured 1 MCP server(s): roblox
2026-09-17 20:14:18 listening on ws://127.0.0.1:17613  - load the extension and open a supported AI chat
2026-09-17 20:14:18 [roblox] launching  (C:\Users\robin\AppData\Local\Programs\Python\Python314\python.exe C:\Users\robin\Downloads\ZeroScript-Free-1.5.5\ZeroScript-Free-1.5.5\launch_studio_mcp.py)
2026-09-17 20:14:18 [roblox] stderr: launch_studio_mcp: using C:\Users\robin\AppData\Local\Roblox\Versions\version-55808de4b1914919\StudioMCP.exe
2026-09-17 20:14:18 [roblox] MCP server up  (28 tools advertised)
2026-09-17 20:14:23 ready 28 tools available - Roblox Studio connected
2026-09-17 20:14:24 extension connected  (127.0.0.1)  [1 client(s)]
2026-09-17 20:15:16 -> tool  execute_luau(code, datamodel_type)
2026-09-17 20:15:17 <- execute_luau (0.1s): {"exists":false}
2026-09-17 20:15:23 -> tool  multi_edit(datamodel_type, className, file_path, edits)
2026-09-17 20:15:23 <- multi_edit (0.1s): Created Memory (ModuleScript) with 1 edits applied
2026-09-17 20:15:40 -> tool  search_game_tree(datamodel_type, path, max_depth)
2026-09-17 20:15:40 <- search_game_tree (0.0s): [{"parentName":"Dodge the Wall","fullPath":"ReplicatedStorage","name":"Replicate
2026-09-17 20:15:47 -> tool  multi_edit(datamodel_type, className, file_path, edits)
2026-09-17 20:15:47 <- multi_edit (0.1s): Created WallPatterns (ModuleScript) with 1 edits applied
2026-09-17 20:15:55 -> tool  multi_edit(datamodel_type, className, file_path, edits)
2026-09-17 20:15:55 <- multi_edit (0.1s): Created WallManager (ModuleScript) with 1 edits applied
2026-09-17 20:16:56 -> tool  multi_edit(datamodel_type, className, file_path, edits)
2026-09-17 20:16:56 <- multi_edit (0.1s): Created WallVisualController (ModuleScript) with 1 edits applied
2026-09-17 20:17:24 -> tool  multi_edit(datamodel_type, className, file_path, edits)
2026-09-17 20:17:24 <- multi_edit (0.1s): Created CameraEffectsController (ModuleScript) with 1 edits applied
2026-09-17 20:17:30 -> tool  multi_edit(datamodel_type, className, file_path, edits)
2026-09-17 20:17:30 <- multi_edit (0.1s): Created UIController (ModuleScript) with 1 edits applied
2026-09-17 20:18:49 -> tool  script_read(target_file)
2026-09-17 20:18:49 <- script_read (0.0s):      1→return [==[      2→# Project memory      3→## Overview      4→- Project: 
2026-09-17 20:18:53 -> tool  search_game_tree(datamodel_type, path, max_depth)
2026-09-17 20:18:53 <- search_game_tree (0.1s): [{"parentName":"Dodge the Wall","fullPath":"ServerScriptService","name":"ServerS
2026-09-17 20:18:57 -> tool  search_game_tree(datamodel_type, max_depth)
2026-09-17 20:18:57 <- search_game_tree (0.0s): Note: Output limited to 200 nodes (results truncated)  [{"fullPath":"Dodge the W
2026-09-17 20:19:03 -> tool  multi_edit(datamodel_type, file_path, edits)
2026-09-17 20:19:04 <- multi_edit (0.0s): Modified Memory (ModuleScript) with 1 edits applied
2026-09-17 20:19:37 -> tool  execute_luau(datamodel_type, code)
2026-09-17 20:19:37 <- execute_luau (0.1s): Folder structure and remotes created
2026-09-17 20:19:43 -> tool  multi_edit(datamodel_type, className, file_path, edits)
2026-09-17 20:19:43 <- multi_edit (0.1s): Created Maid (ModuleScript) with 1 edits applied
2026-09-17 20:19:48 -> tool  multi_edit(datamodel_type, className, file_path, edits)
2026-09-17 20:19:48 <- multi_edit (0.1s): Created Formatters (ModuleScript) with 1 edits applied
2026-09-17 20:19:53 -> tool  multi_edit(datamodel_type, className, file_path, edits)
2026-09-17 20:19:53 <- multi_edit (0.1s): Created GameConfig (ModuleScript) with 1 edits applied
2026-09-17 20:20:02 -> tool  multi_edit(datamodel_type, className, file_path, edits)
2026-09-17 20:20:03 <- multi_edit (0.1s): Created DataManager (ModuleScript) with 1 edits applied
2026-09-17 20:20:13 -> tool  multi_edit(datamodel_type, className, file_path, edits)
2026-09-17 20:20:13 <- multi_edit (0.2s): Created PlayerManager (ModuleScript) with 1 edits applied
2026-09-17 20:20:22 -> tool  multi_edit(datamodel_type, className, file_path, edits)
2026-09-17 20:20:23 <- multi_edit (0.1s): Created RoundManager (ModuleScript) with 1 edits applied
2026-09-17 20:20:27 -> tool  multi_edit(datamodel_type, className, file_path, edits)
2026-09-17 20:20:27 <- multi_edit (0.1s): Created GameServer (Script) with 1 edits applied
2026-09-17 20:20:32 -> tool  execute_luau(datamodel_type, code)
2026-09-17 20:20:32 <- execute_luau (0.1s): {"Formatters":"ERR: The current thread cannot require 'Formatters' since 'Format
2026-09-17 20:20:36 -> tool  get_console_output()
2026-09-17 20:20:36 <- get_console_output (0.0s): Failed to load sound rbxassetid://201887209: Asset is not approved for the reque
2026-09-17 20:20:41 -> tool  start_stop_play(is_start)
2026-09-17 20:20:45 <- start_stop_play (3.2s): Game Started
2026-09-17 20:20:48 -> tool  get_console_output()
2026-09-17 20:20:48 <- get_console_output (0.0s): [Dodge the Wall] Core systems loaded. Starting round loop. cloud_98896107805157.
2026-09-17 20:20:53 -> tool  start_stop_play(is_start)
2026-09-17 20:20:54 <- start_stop_play (1.0s): Game Stopped
2026-09-17 20:21:00 -> tool  multi_edit(datamodel_type, file_path, edits)
2026-09-17 20:21:00 <- multi_edit (0.0s): Modified Memory (ModuleScript) with 3 edits applied
2026-09-17 20:25:12 -> tool  execute_luau(datamodel_type, code)
2026-09-17 20:25:12 <- execute_luau (0.1s): {"arenaTiles":144,"lobbyPodiums":8}
2026-09-17 20:25:19 -> tool  multi_edit(datamodel_type, className, file_path, edits)
2026-09-17 20:25:19 <- multi_edit (0.2s): Created WallPatterns (ModuleScript) with 1 edits applied
2026-09-17 20:25:34 -> tool  multi_edit(datamodel_type, className, file_path, edits)
2026-09-17 20:25:34 <- multi_edit (0.1s): Created WallManager (ModuleScript) with 1 edits applied
2026-09-17 20:25:38 -> tool  multi_edit(datamodel_type, file_path, edits)
2026-09-17 20:25:38 <- multi_edit (0.1s): Modified GameServer (Script) with 1 edits applied
2026-09-17 20:25:43 -> tool  multi_edit(datamodel_type, file_path, edits)
2026-09-17 20:25:43 <- multi_edit (0.1s): Modified RoundManager (ModuleScript) with 2 edits applied
2026-09-17 20:25:47 -> tool  multi_edit(datamodel_type, file_path, edits)
2026-09-17 20:25:47 <- multi_edit (0.2s): Modified GameServer (Script) with 1 edits applied
2026-09-17 20:25:55 -> tool  multi_edit(datamodel_type, className, file_path, edits)
2026-09-17 20:25:55 <- multi_edit (0.1s): Created WallVisualController (ModuleScript) with 1 edits applied
2026-09-17 20:26:00 -> tool  multi_edit(datamodel_type, className, file_path, edits)
2026-09-17 20:26:00 <- multi_edit (0.1s): Created ClientGameManager (Script) with 1 edits applied
2026-09-17 20:29:03 -> tool  start_stop_play(is_start)
2026-09-17 20:29:07 <- start_stop_play (3.4s): Game Started
2026-09-17 20:29:10 -> tool  get_console_output()
2026-09-17 20:29:10 <- get_console_output (0.0s): [Dodge the Wall] Core systems loaded. Starting round loop. cloud_98896107805157.
2026-09-17 20:29:14 -> tool  execute_luau(datamodel_type, code)
2026-09-17 20:29:15 <- execute_luau (0.0s): sabuiltin_Assistant.rbxm.Assistant.Packages._Index.AssistantUI.AssistantUI.Tools
2026-09-17 20:29:19 -> tool  execute_luau(datamodel_type, code)
2026-09-17 20:29:31 <- execute_luau (12.0s)  [SLOW]: Target is closed (HOST_INVOKE_createExecuteLuauBridge_runCodeAsync_ToRequester, 
2026-09-17 20:29:34 -> tool  get_studio_state()
2026-09-17 20:29:34 <- get_studio_state (0.0s): - Current Studio Mode: Edit - Available DataModels: Edit - Focused DataModel in 
2026-09-17 22:26:50 Roblox Studio disconnected - re-enable its MCP server (toggle off/on).
2026-09-17 22:26:52 Place closed (Studio app still connected).
2026-09-17 22:27:12 Roblox Studio proxy looks stuck (known StudioMCP disconnect bug) - restarting it to recover.
2026-09-17 22:27:12 [roblox] restarting...
2026-09-17 22:27:12 [roblox] stdout closed (process ended, exit code None)
2026-09-17 22:27:12 [roblox] launching  (C:\Users\robin\AppData\Local\Programs\Python\Python314\python.exe C:\Users\robin\Downloads\ZeroScript-Free-1.5.5\ZeroScript-Free-1.5.5\launch_studio_mcp.py)
2026-09-17 22:27:12 [roblox] stderr: launch_studio_mcp: using C:\Users\robin\AppData\Local\Roblox\Versions\version-55808de4b1914919\StudioMCP.exe
2026-09-17 22:27:12 [roblox] MCP server up  (28 tools advertised)
2026-09-17 22:28:45 Roblox Studio proxy looks stuck (known StudioMCP disconnect bug) - restarting it to recover.
2026-09-17 22:28:45 [roblox] restarting...
2026-09-17 22:28:45 [roblox] stdout closed (process ended, exit code None)
2026-09-17 22:28:45 [roblox] found dead - auto-restarting...
2026-09-17 22:28:45 [roblox] launching  (C:\Users\robin\AppData\Local\Programs\Python\Python314\python.exe C:\Users\robin\Downloads\ZeroScript-Free-1.5.5\ZeroScript-Free-1.5.5\launch_studio_mcp.py)
2026-09-17 22:28:45 [roblox] stderr: launch_studio_mcp: using C:\Users\robin\AppData\Local\Roblox\Versions\version-55808de4b1914919\StudioMCP.exe
2026-09-17 22:28:45 [roblox] MCP server up  (28 tools advertised)
2026-09-17 22:30:18 Roblox Studio proxy looks stuck (known StudioMCP disconnect bug) - restarting it to recover.
2026-09-17 22:30:18 [roblox] restarting...
2026-09-17 22:30:18 [roblox] stdout closed (process ended, exit code None)
2026-09-17 22:30:18 [roblox] launching  (C:\Users\robin\AppData\Local\Programs\Python\Python314\python.exe C:\Users\robin\Downloads\ZeroScript-Free-1.5.5\ZeroScript-Free-1.5.5\launch_studio_mcp.py)
2026-09-17 22:30:18 [roblox] stderr: launch_studio_mcp: using C:\Users\robin\AppData\Local\Roblox\Versions\version-55808de4b1914919\StudioMCP.exe
2026-09-17 22:30:18 [roblox] MCP server up  (28 tools advertised)
2026-09-17 22:31:51 Roblox Studio proxy looks stuck (known StudioMCP disconnect bug) - restarting it to recover.
2026-09-17 22:31:51 [roblox] restarting...
2026-09-17 22:31:51 [roblox] stdout closed (process ended, exit code None)
2026-09-17 22:31:51 [roblox] found dead - auto-restarting...
2026-09-17 22:31:51 [roblox] launching  (C:\Users\robin\AppData\Local\Programs\Python\Python314\python.exe C:\Users\robin\Downloads\ZeroScript-Free-1.5.5\ZeroScript-Free-1.5.5\launch_studio_mcp.py)
2026-09-17 22:31:51 [roblox] stderr: launch_studio_mcp: using C:\Users\robin\AppData\Local\Roblox\Versions\version-55808de4b1914919\StudioMCP.exe
2026-09-17 22:31:51 [roblox] MCP server up  (28 tools advertised)
2026-09-17 22:33:23 Roblox Studio proxy looks stuck (known StudioMCP disconnect bug) - restarting it to recover.
2026-09-17 22:33:23 [roblox] restarting...
2026-09-17 22:33:23 [roblox] stdout closed (process ended, exit code None)
2026-09-17 22:33:24 [roblox] launching  (C:\Users\robin\AppData\Local\Programs\Python\Python314\python.exe C:\Users\robin\Downloads\ZeroScript-Free-1.5.5\ZeroScript-Free-1.5.5\launch_studio_mcp.py)
2026-09-17 22:33:24 [roblox] stderr: launch_studio_mcp: using C:\Users\robin\AppData\Local\Roblox\Versions\version-55808de4b1914919\StudioMCP.exe
2026-09-17 22:33:24 [roblox] MCP server up  (28 tools advertised)
2026-09-17 22:34:56 Roblox Studio proxy looks stuck (known StudioMCP disconnect bug) - restarting it to recover.
2026-09-17 22:34:56 [roblox] restarting...
2026-09-17 22:34:56 [roblox] stdout closed (process ended, exit code None)
2026-09-17 22:34:57 [roblox] launching  (C:\Users\robin\AppData\Local\Programs\Python\Python314\python.exe C:\Users\robin\Downloads\ZeroScript-Free-1.5.5\ZeroScript-Free-1.5.5\launch_studio_mcp.py)
2026-09-17 22:34:57 [roblox] stderr: launch_studio_mcp: using C:\Users\robin\AppData\Local\Roblox\Versions\version-55808de4b1914919\StudioMCP.exe
2026-09-17 22:34:57 [roblox] MCP server up  (28 tools advertised)
2026-09-17 22:36:29 Roblox Studio proxy looks stuck (known StudioMCP disconnect bug) - restarting it to recover.
2026-09-17 22:36:29 [roblox] restarting...
2026-09-17 22:36:29 [roblox] stdout closed (process ended, exit code None)
2026-09-17 22:36:30 [roblox] launching  (C:\Users\robin\AppData\Local\Programs\Python\Python314\python.exe C:\Users\robin\Downloads\ZeroScript-Free-1.5.5\ZeroScript-Free-1.5.5\launch_studio_mcp.py)
2026-09-17 22:36:30 [roblox] stderr: launch_studio_mcp: using C:\Users\robin\AppData\Local\Roblox\Versions\version-55808de4b1914919\StudioMCP.exe
2026-09-17 22:36:30 [roblox] MCP server up  (28 tools advertised)
2026-09-17 22:37:33 [roblox] stdout closed (process ended, exit code None)
2026-09-18 19:55:01 ===== BRIDGE START  v1.5.5  pid=29124  log=C:\Users\robin\Downloads\ZeroScript-Free-1.5.5\ZeroScript-Free-1.5.5\logs\bridge_debug.log =====
2026-09-18 19:55:01 configured 1 MCP server(s): roblox
2026-09-18 19:55:02 listening on ws://127.0.0.1:17613  - load the extension and open a supported AI chat
2026-09-18 19:55:02 [roblox] launching  (C:\Users\robin\AppData\Local\Programs\Python\Python314\python.exe C:\Users\robin\Downloads\ZeroScript-Free-1.5.5\ZeroScript-Free-1.5.5\launch_studio_mcp.py)
2026-09-18 19:55:02 [roblox] stderr: launch_studio_mcp: using C:\Users\robin\AppData\Local\Roblox\Versions\version-55808de4b1914919\StudioMCP.exe
2026-09-18 19:55:02 [roblox] MCP server up  (28 tools advertised)
2026-09-18 19:55:03 ready 28 tools available - Roblox Studio connected
2026-09-18 19:55:07 extension connected  (127.0.0.1)  [1 client(s)]
2026-09-18 19:56:44 -> tool  script_read(target_file)
2026-09-18 19:56:44 <- script_read (0.0s): sabuiltin_Assistant.rbxm.Assistant.Packages._Index.AssistantUI.AssistantUI.Tools
2026-09-18 19:57:00 -> tool  execute_luau(code, datamodel_type)
2026-09-18 19:57:00 <- execute_luau (0.1s): Shop Cartoony cree avec succes dans StarterGui !
2026-09-18 19:58:32 -> tool  script_read(target_file)
2026-09-18 19:58:32 <- script_read (0.0s):      1→# Project memory      2→## Overview      3→- Style cartoon pour l'interfa
2026-09-18 19:58:35 -> tool  search_game_tree(datamodel_type, path, keywords, max_depth)
2026-09-18 19:58:35 <- search_game_tree (0.0s): No instances found matching keywords 'shop, cartoony', path 'StarterGui'
2026-09-18 19:58:46 -> tool  execute_luau(datamodel_type, code)
2026-09-18 19:58:46 <- execute_luau (0.1s): CartoonyShopGui built in StarterGui with 6 item cards
2026-09-18 19:58:52 -> tool  multi_edit(datamodel_type, file_path, className, edits)
2026-09-18 19:58:52 <- multi_edit (0.1s): Created ShopController (LocalScript) with 1 edits applied
2026-09-18 20:06:40 -> tool  execute_luau(code, datamodel_type)
2026-09-18 20:06:40 <- execute_luau (0.1s): Systeme de base du Choco Factory Tycoon installe dans le Workspace !
2026-09-18 20:15:54 -> tool  search_game_tree(datamodel_type, path, max_depth, instance_type)
2026-09-18 20:15:54 <- search_game_tree (0.0s): No instances found matching type 'Script', path 'game'
2026-09-18 20:15:58 -> tool  search_game_tree(datamodel_type, path, max_depth, keywords)
2026-09-18 20:15:58 <- search_game_tree (0.0s): [{"parentName":"TextChatService","fullPath":"TextChatService.ChatWindowConfigura
2026-09-18 20:16:02 -> tool  search_game_tree(datamodel_type, path, max_depth)
2026-09-18 20:16:03 <- search_game_tree (0.0s): [{"parentName":"Place2","fullPath":"StarterGui","name":"StarterGui","className":
2026-09-18 20:16:06 -> tool  search_game_tree(datamodel_type, path, max_depth)
2026-09-18 20:16:06 <- search_game_tree (0.0s): [{"parentName":"Place2","fullPath":"ReplicatedStorage","name":"ReplicatedStorage
2026-09-18 20:16:16 -> tool  execute_luau(datamodel_type, code)
2026-09-18 20:16:16 <- execute_luau (0.1s): {"ServerStorage":{"1":"ZeroScript (Folder)"},"StarterPlayerScripts":[],"Workspac
2026-09-18 20:16:38 -> tool  multi_edit(datamodel_type, file_path, className, edits)
2026-09-18 20:16:38 <- multi_edit (0.1s): Created Config (ModuleScript) with 1 edits applied
2026-09-18 20:17:13 -> tool  execute_luau(datamodel_type, code)
2026-09-18 20:17:13 <- execute_luau (0.1s): {"1":"CashUpdate:created","8":"UpdateSettings:created","3":"MachineUnlocked:crea
2026-09-18 20:17:22 -> tool  multi_edit(datamodel_type, file_path, className, edits)
2026-09-18 20:17:22 <- multi_edit (0.1s): Created DataService (ModuleScript) with 1 edits applied
2026-09-18 20:17:28 -> tool  multi_edit(datamodel_type, file_path, className, edits)
2026-09-18 20:17:28 <- multi_edit (0.1s): Created EconomyService (ModuleScript) with 1 edits applied
2026-09-18 20:17:34 -> tool  multi_edit(datamodel_type, file_path, className, edits)
2026-09-18 20:17:34 <- multi_edit (0.1s): Created TycoonService (ModuleScript) with 1 edits applied
2026-09-18 20:17:40 -> tool  multi_edit(datamodel_type, file_path, className, edits)
2026-09-18 20:17:41 <- multi_edit (0.1s): Created PurchaseService (ModuleScript) with 1 edits applied
2026-09-18 20:17:47 -> tool  multi_edit(datamodel_type, file_path, className, edits)
2026-09-18 20:17:47 <- multi_edit (0.1s): Created ProductionService (ModuleScript) with 1 edits applied
2026-09-18 20:18:25 -> tool  multi_edit(datamodel_type, file_path, className, edits)
2026-09-18 20:18:25 <- multi_edit (0.1s): Created Server (Script) with 1 edits applied
2026-09-18 20:18:36 -> tool  execute_luau(datamodel_type, code)
2026-09-18 20:18:36 <- execute_luau (0.1s): ChocoTycoonGui structure built (TopBar, ShopToggle, ShopPanel)
2026-09-18 20:18:49 -> tool  multi_edit(datamodel_type, file_path, className, edits)
2026-09-18 20:18:49 <- multi_edit (0.1s): Created ChocoController (LocalScript) with 1 edits applied
2026-09-18 20:18:53 -> tool  script_read(target_file)
2026-09-18 20:18:53 <- script_read (0.0s):      1→# Project memory      2→## Overview      3→- Jeu : Choco Factory Tycoon 🍫
2026-09-18 20:19:00 -> tool  multi_edit(datamodel_type, file_path, edits)
2026-09-18 20:19:00 <- multi_edit (0.1s): Modified Memory (ModuleScript) with 1 edits applied
2026-09-18 20:30:34 -> tool  script_read(target_file)
2026-09-18 20:30:34 <- script_read (0.0s):      1→--!strict      2→--[[ ===================================================
2026-09-18 20:30:44 -> tool  multi_edit(datamodel_type, file_path, edits)
2026-09-18 20:30:44 <- multi_edit (0.0s): Modified Config (ModuleScript) with 1 edits applied
2026-09-18 20:30:49 -> tool  execute_luau(datamodel_type, code)
2026-09-18 20:30:49 <- execute_luau (0.1s): {"1":"EquipPet:created","4":"PetUpdate:created","3":"HatchEgg:created","2":"Fuse
2026-09-18 20:32:12 -> tool  multi_edit(datamodel_type, file_path, className, edits)
2026-09-18 20:32:12 <- multi_edit (0.1s): Created PetService (ModuleScript) with 1 edits applied
2026-09-18 20:32:18 -> tool  multi_edit(datamodel_type, file_path, edits)
2026-09-18 20:32:18 <- multi_edit (0.1s): Modified DataService (ModuleScript) with 2 edits applied
2026-09-18 20:32:23 -> tool  multi_edit(datamodel_type, file_path, edits)
2026-09-18 20:32:24 <- multi_edit (0.1s): Modified EconomyService (ModuleScript) with 2 edits applied
2026-09-18 20:32:27 -> tool  script_read(target_file)
2026-09-18 20:32:27 <- script_read (0.0s):      1→--!strict      2→--[[ ===================================================
2026-09-18 20:32:31 -> tool  multi_edit(datamodel_type, file_path, edits)
2026-09-18 20:32:31 <- multi_edit (0.1s): Modified Server (Script) with 4 edits applied
2026-09-18 20:32:39 -> tool  execute_luau(datamodel_type, code)
2026-09-18 20:32:39 <- execute_luau (0.1s): PetPanel + PetToggle built
2026-09-18 20:32:49 -> tool  multi_edit(datamodel_type, file_path, className, edits)
2026-09-18 20:32:49 <- multi_edit (0.2s): Created PetController (LocalScript) with 1 edits applied
2026-09-18 20:32:54 -> tool  get_console_output()
2026-09-18 20:32:54 <- get_console_output (0.0s): DataModel Loading https://assetdelivery.roblox.com/v1/asset/?id=95206881&version
2026-09-18 20:33:00 -> tool  multi_edit(datamodel_type, file_path, edits)
2026-09-18 20:33:00 <- multi_edit (0.1s): Modified Memory (ModuleScript) with 2 edits applied
2026-09-18 20:33:41 -> tool  search_asset(query, assetType, scope, maxResults)
2026-09-18 20:33:41 <- search_asset (0.4s): {"availableFacets":["dog","cat","bird","fish","hamster","exotic","accessories","
2026-09-18 20:35:06 -> tool  generate_procedural_model(prompt, segmentation)
2026-09-18 20:36:20 <- generate_procedural_model (73.8s)  [SLOW]: {"generationName":"ChocolateBunny","generationId":"b6a59ce0-58bf-4ab3-a9bc-7a1cf
2026-09-18 20:36:24 -> tool  wait_job_finished(jobId)
2026-09-18 20:36:24 <- wait_job_finished (0.0s): No job found with id: b6a59ce0-58bf-4ab3-a9bc-7a1cf8416b81
2026-09-18 20:36:28 -> tool  execute_luau(datamodel_type, code)
2026-09-18 20:36:28 <- execute_luau (0.1s): {"1":"ChocolateBunny (ProceduralModel)"}
2026-09-18 20:36:32 -> tool  inspect_instance(path)
2026-09-18 20:36:32 <- inspect_instance (0.0s): {"path":"Workspace.ChocolateBunny","name":"ChocolateBunny","className":"Procedur
2026-09-18 20:36:40 -> tool  execute_luau(datamodel_type, code)
2026-09-18 20:36:40 <- execute_luau (0.1s): {"23":"    Tongue (Part) size=0.30000001192092896, 0.30000001192092896, 0.300000
2026-09-18 20:36:59 -> tool  execute_luau(datamodel_type, code)
2026-09-18 20:37:00 <- execute_luau (0.1s): {"ok":true,"primary":"Body","name":"ChocoBunny","parts":40}
2026-09-18 20:41:19 -> tool  generate_procedural_model(prompt, segmentation)
2026-09-18 20:42:20 <- generate_procedural_model (60.7s)  [SLOW]: {"generationName":"CocoaBeanPet","generationId":"525d9ebb-f501-4ba9-9a6a-167c258
2026-09-18 20:42:24 -> tool  execute_luau(datamodel_type, code)
2026-09-18 20:42:24 <- execute_luau (0.1s): {"1":"CocoaBeanPet"}
2026-09-18 20:42:32 -> tool  multi_edit(datamodel_type, file_path, className, edits)
2026-09-18 20:42:32 <- multi_edit (0.1s): Created PetProcessor (ModuleScript) with 1 edits applied
2026-09-18 20:42:35 -> tool  execute_luau(datamodel_type, code)
2026-09-18 20:42:35 <- execute_luau (0.0s): sabuiltin_Assistant.rbxm.Assistant.Packages._Index.AssistantUI.AssistantUI.Tools
2026-09-18 20:42:40 -> tool  multi_edit(datamodel_type, file_path, edits)
2026-09-18 20:42:40 <- multi_edit (0.1s): Modified PetProcessor (ModuleScript) with 1 edits applied
2026-09-18 20:42:44 -> tool  execute_luau(datamodel_type, code)
2026-09-18 20:42:44 <- execute_luau (0.0s): sabuiltin_Assistant.rbxm.Assistant.Packages._Index.AssistantUI.AssistantUI.Tools
2026-09-18 20:42:50 -> tool  execute_luau(datamodel_type, code)
2026-09-18 20:42:50 <- execute_luau (0.1s): {"ok":true,"primary":"MainBody","name":"CocoaBean"}
2026-09-18 20:42:55 -> tool  generate_procedural_model(prompt, segmentation)
2026-09-18 20:43:57 <- generate_procedural_model (61.9s)  [SLOW]: {"generationName":"SugarCubePet","generationId":"b06e93f7-9509-4176-ae9a-1b6bb00
2026-09-18 20:44:02 -> tool  execute_luau(datamodel_type, code)
2026-09-18 20:44:03 <- execute_luau (0.1s): {"ok":true,"primary":"Body","name":"SugarCube"}
2026-09-18 20:44:07 -> tool  generate_procedural_model(prompt, segmentation)
2026-09-18 20:45:33 <- generate_procedural_model (86.4s)  [SLOW]: {"generationName":"MilkDropPet","generationId":"d7f22f15-1979-438f-a325-2f07b9e9
2026-09-18 20:45:39 -> tool  execute_luau(datamodel_type, code)
2026-09-18 20:45:39 <- execute_luau (0.1s): {"ok":true,"primary":"BodyBase","name":"MilkDrop"}
2026-09-18 20:45:43 -> tool  generate_procedural_model(prompt, segmentation)
2026-09-18 20:46:50 <- generate_procedural_model (67.0s)  [SLOW]: {"generationName":"CaramelPet","generationId":"013c92e6-901c-4b1a-b306-6888f7323
2026-09-18 20:46:55 -> tool  execute_luau(datamodel_type, code)
2026-09-18 20:46:55 <- execute_luau (0.1s): {"ok":true,"primary":"Body","name":"CaramelBit"}
2026-09-18 20:46:59 -> tool  generate_procedural_model(prompt, segmentation)
2026-09-18 20:48:26 <- generate_procedural_model (86.4s)  [SLOW]: {"generationName":"WaffleFox","generationId":"fb2b55a9-15f6-492b-a6fd-5c5fa45aa8
2026-09-18 20:48:30 -> tool  execute_luau(datamodel_type, code)
2026-09-18 20:48:30 <- execute_luau (0.1s): {"ok":true,"primary":"HeadUpper","name":"WaffleFox"}
2026-09-18 20:48:34 -> tool  generate_procedural_model(prompt, segmentation)
2026-09-18 20:50:27 <- generate_procedural_model (112.3s)  [SLOW]: {"generationName":"TruffleCat","generationId":"9e91f3ed-fcdd-46c3-ba39-396fdb3ce
2026-09-18 20:50:32 -> tool  execute_luau(datamodel_type, code)
2026-09-18 20:50:32 <- execute_luau (0.1s): {"ok":true,"primary":"MainHead","name":"TruffleCat"}
2026-09-18 20:50:36 -> tool  generate_procedural_model(prompt, segmentation)
2026-09-18 20:51:46 <- generate_procedural_model (70.2s)  [SLOW]: {"generationName":"NougatDog","generationId":"c85a3255-a233-4cec-8e0c-84bbce0321
2026-09-18 20:51:51 -> tool  execute_luau(datamodel_type, code)
2026-09-18 20:51:51 <- execute_luau (0.1s): {"ok":true,"primary":"HeadMain","name":"NougatDog"}
2026-09-18 20:51:55 -> tool  generate_procedural_model(prompt, segmentation)
2026-09-18 20:53:19 <- generate_procedural_model (84.5s)  [SLOW]: {"generationName":"GoldenDragonPet","generationId":"e1fb9784-c1f5-494b-b2fa-a813
2026-09-18 20:53:24 -> tool  execute_luau(datamodel_type, code)
2026-09-18 20:53:24 <- execute_luau (0.1s): {"ok":true,"primary":"Torso","name":"GoldDragon"}
2026-09-18 20:53:28 -> tool  generate_procedural_model(prompt, segmentation)
2026-09-18 20:54:48 <- generate_procedural_model (80.1s)  [SLOW]: {"generationName":"CosmicBear","generationId":"858b84a6-ccf9-4bad-ab28-6b962851b
2026-09-18 20:54:53 -> tool  execute_luau(datamodel_type, code)
2026-09-18 20:54:53 <- execute_luau (0.1s): {"ok":true,"primary":"Cranium","name":"GalaxyBear"}
2026-09-18 20:54:57 -> tool  generate_procedural_model(prompt, segmentation)
2026-09-18 20:56:21 <- generate_procedural_model (83.3s)  [SLOW]: {"generationName":"ChocolateGodPet","generationId":"f24fd962-4c14-4fe8-813d-bd1d
2026-09-18 20:56:25 -> tool  execute_luau(datamodel_type, code)
2026-09-18 20:56:25 <- execute_luau (0.1s): {"ok":true,"primary":"BaseCore","name":"ChocoGod"}
2026-09-18 20:56:29 -> tool  execute_luau(datamodel_type, code)
2026-09-18 20:56:29 <- execute_luau (0.1s): {"count":11,"pets":{"1":"CaramelBit (Model, PetId=CaramelBit)","3":"ChocoGod (Mo
2026-09-18 20:56:38 -> tool  multi_edit(datamodel_type, file_path, className, edits)
2026-09-18 20:56:38 <- multi_edit (0.1s): Created PetFollow (LocalScript) with 1 edits applied
2026-09-18 20:56:44 -> tool  multi_edit(datamodel_type, file_path, edits)
2026-09-18 20:56:44 <- multi_edit (0.1s): Modified PetFollow (LocalScript) with 1 edits applied
2026-09-18 20:56:51 -> tool  multi_edit(datamodel_type, file_path, edits)
2026-09-18 20:56:51 <- multi_edit (0.1s): Modified Memory (ModuleScript) with 4 edits applied
2026-09-18 21:03:01 -> tool  multi_edit(datamodel_type, file_path, edits)
2026-09-18 21:03:01 <- multi_edit (0.0s): Modified Config (ModuleScript) with 1 edits applied
2026-09-18 21:03:05 -> tool  execute_luau(datamodel_type, code)
2026-09-18 21:03:05 <- execute_luau (0.1s): {"1":"Ascend:created","3":"Singularity:created","2":"PrestigeUpdate:created"}
2026-09-18 21:03:09 -> tool  script_read(target_file)
2026-09-18 21:03:09 <- script_read (0.0s):      1→--!strict      2→--[[ ===================================================
2026-09-18 21:03:14 -> tool  multi_edit(datamodel_type, file_path, edits)
2026-09-18 21:03:15 <- multi_edit (0.2s): Modified DataService (ModuleScript) with 2 edits applied
2026-09-18 21:03:21 -> tool  script_read(target_file)
2026-09-18 21:03:21 <- script_read (0.0s):      1→--!strict      2→--[[ ===================================================
2026-09-18 21:03:28 -> tool  multi_edit(datamodel_type, file_path, edits)
2026-09-18 21:03:28 <- multi_edit (0.1s): Modified EconomyService (ModuleScript) with 2 edits applied
2026-09-18 21:03:35 -> tool  multi_edit(datamodel_type, file_path, className, edits)
2026-09-18 21:03:35 <- multi_edit (0.1s): Created PrestigeService (ModuleScript) with 1 edits applied
2026-09-18 21:03:39 -> tool  multi_edit(datamodel_type, file_path, edits)
2026-09-18 21:03:39 <- multi_edit (0.1s): Modified Server (Script) with 3 edits applied
2026-09-18 21:03:43 -> tool  script_read(target_file, should_read_entire_file, start_line_one_indexed, end_line_one_indexed_inclusive)
2026-09-18 21:03:43 <- script_read (0.0s):    100→	end    101→    102→	-- Prix serveur, jamais client    103→	if not Econom
2026-09-18 21:03:49 -> tool  multi_edit(datamodel_type, file_path, edits)
2026-09-18 21:03:49 <- multi_edit (0.2s): Modified PetService (ModuleScript) with 2 edits applied
2026-09-18 21:03:53 -> tool  script_read(target_file, should_read_entire_file, start_line_one_indexed, end_line_one_indexed_inclusive)
2026-09-18 21:03:53 <- script_read (0.0s):     38→	local profile = DataService:GetProfile(player)     39→	if not profile th
2026-09-18 21:03:57 -> tool  multi_edit(datamodel_type, file_path, edits)
2026-09-18 21:03:57 <- multi_edit (0.1s): Modified ProductionService (ModuleScript) with 1 edits applied
2026-09-18 21:04:02 -> tool  execute_luau(datamodel_type, code)
2026-09-18 21:04:02 <- execute_luau (0.1s): {"1":"UIScale (UIScale)","3":"ShopToggle (TextButton)","2":"TopBar (Frame)","5":
2026-09-18 21:04:12 -> tool  execute_luau(datamodel_type, code)
2026-09-18 21:04:12 <- execute_luau (0.1s): PrestigePanel + Toggle built
2026-09-18 21:04:20 -> tool  multi_edit(datamodel_type, file_path, className, edits)
2026-09-18 21:04:20 <- multi_edit (0.1s): Created PrestigeController (LocalScript) with 1 edits applied
2026-09-18 21:04:26 -> tool  multi_edit(datamodel_type, file_path, edits)
2026-09-18 21:04:26 <- multi_edit (0.2s): Modified Memory (ModuleScript) with 2 edits applied
2026-09-18 21:04:35 -> tool  multi_edit(datamodel_type, file_path, edits)
2026-09-18 21:04:35 <- multi_edit (0.0s): Modified Config (ModuleScript) with 1 edits applied
2026-09-18 21:04:39 -> tool  execute_luau(datamodel_type, code)
2026-09-18 21:04:39 <- execute_luau (0.1s): {"1":"TravelWorld:created","3":"WorldUpdate:created","2":"UnlockWorld:created"}
2026-09-18 21:04:44 -> tool  multi_edit(datamodel_type, file_path, edits)
2026-09-18 21:04:44 <- multi_edit (0.1s): Modified DataService (ModuleScript) with 2 edits applied
2026-09-18 21:05:45 -> tool  multi_edit(datamodel_type, file_path, className, edits)
2026-09-18 21:05:45 <- multi_edit (0.1s): Created WorldService (ModuleScript) with 1 edits applied
2026-09-18 21:05:50 -> tool  multi_edit(datamodel_type, file_path, edits)
2026-09-18 21:05:50 <- multi_edit (0.1s): Modified EconomyService (ModuleScript) with 1 edits applied
2026-09-18 21:05:56 -> tool  multi_edit(datamodel_type, file_path, edits)
2026-09-18 21:05:56 <- multi_edit (0.1s): Modified Server (Script) with 3 edits applied
2026-09-18 21:06:02 -> tool  execute_luau(datamodel_type, code)
2026-09-18 21:06:02 <- execute_luau (0.1s): {"1":"WorkshopWorld @ 0, 0, 0","3":"RoyalWorld @ 800, 0, 0","2":"FactoryWorld @ 
2026-09-18 21:06:10 -> tool  multi_edit(datamodel_type, file_path, className, edits)
2026-09-18 21:06:10 <- multi_edit (0.1s): Created WorldsScript (Script) with 1 edits applied
2026-09-18 21:06:17 -> tool  execute_luau(datamodel_type, code)
2026-09-18 21:06:17 <- execute_luau (0.1s): WorldPanel + Toggle built
2026-09-18 21:06:27 -> tool  multi_edit(datamodel_type, file_path, className, edits)
2026-09-18 21:06:27 <- multi_edit (0.1s): Created WorldController (LocalScript) with 1 edits applied
2026-09-18 21:06:32 -> tool  multi_edit(datamodel_type, file_path, edits)
2026-09-18 21:06:32 <- multi_edit (0.1s): Modified Memory (ModuleScript) with 2 edits applied
2026-09-18 21:06:41 -> tool  multi_edit(datamodel_type, file_path, edits)
2026-09-18 21:06:41 <- multi_edit (0.0s): Modified Config (ModuleScript) with 1 edits applied
2026-09-18 21:06:46 -> tool  multi_edit(datamodel_type, file_path, edits)
2026-09-18 21:06:47 <- multi_edit (0.2s): Modified DataService (ModuleScript) with 2 edits applied
2026-09-18 21:06:55 -> tool  multi_edit(datamodel_type, file_path, className, edits)
2026-09-18 21:06:55 <- multi_edit (0.1s): Created MissionService (ModuleScript) with 1 edits applied
2026-09-18 21:07:00 -> tool  execute_luau(datamodel_type, code)
2026-09-18 21:07:01 <- execute_luau (0.1s): {"1":"ClaimMission:created","3":"MissionUpdate:created","2":"LeaderboardUpdate:c
2026-09-18 21:07:08 -> tool  multi_edit(datamodel_type, file_path, className, edits)
2026-09-18 21:07:08 <- multi_edit (0.1s): Created LeaderboardService (ModuleScript) with 1 edits applied
2026-09-18 21:07:14 -> tool  multi_edit(datamodel_type, file_path, edits)
2026-09-18 21:07:14 <- multi_edit (0.1s): Modified Server (Script) with 4 edits applied
2026-09-18 21:07:19 -> tool  multi_edit(datamodel_type, file_path, edits)
2026-09-18 21:07:19 <- multi_edit (0.1s): Modified ProductionService (ModuleScript) with 1 edits applied
2026-09-18 21:07:24 -> tool  multi_edit(datamodel_type, file_path, edits)
2026-09-18 21:07:24 <- multi_edit (0.1s): Modified PurchaseService (ModuleScript) with 2 edits applied
2026-09-18 21:07:28 -> tool  multi_edit(datamodel_type, file_path, edits)
2026-09-18 21:07:28 <- multi_edit (0.1s): Modified PetService (ModuleScript) with 1 edits applied
2026-09-18 21:07:32 -> tool  multi_edit(datamodel_type, file_path, edits)
2026-09-18 21:07:32 <- multi_edit (0.2s): Modified WorldService (ModuleScript) with 1 edits applied
2026-09-18 21:07:41 -> tool  execute_luau(datamodel_type, code)
2026-09-18 21:07:41 <- execute_luau (0.1s): MissionPanel + LbPanel built
2026-09-18 21:07:52 -> tool  multi_edit(datamodel_type, file_path, className, edits)
2026-09-18 21:07:52 <- multi_edit (0.1s): Created LiveOpsController (LocalScript) with 1 edits applied
2026-09-18 21:10:18 -> tool  multi_edit(datamodel_type, file_path, edits)
2026-09-18 21:10:18 <- multi_edit (0.1s): Modified Memory (ModuleScript) with 2 edits applied
2026-09-18 21:10:22 -> tool  execute_luau(datamodel_type, code)
2026-09-18 21:10:22 <- execute_luau (0.1s): {"Pets":11,"Services":{"1":"DataService","3":"TycoonService","2":"EconomyService
2026-09-18 21:10:26 -> tool  start_stop_play(is_start)
2026-09-18 21:10:29 <- start_stop_play (3.5s): Game Started
2026-09-18 21:10:32 -> tool  get_console_output()
2026-09-18 21:10:32 <- get_console_output (0.0s): ReplicatedStorage.Shared.Config:352: Expected ':' when parsing table field, got 
2026-09-18 21:10:37 -> tool  start_stop_play(is_start)
2026-09-18 21:10:38 <- start_stop_play (1.0s): Game Stopped
2026-09-18 21:10:41 -> tool  script_read(target_file, should_read_entire_file, start_line_one_indexed, end_line_one_indexed_inclusive)
2026-09-18 21:10:41 <- script_read (0.0s):    345→}    346→    347→export type MissionData = {    348→	Id: string,    349→	
2026-09-18 21:10:45 -> tool  multi_edit(datamodel_type, file_path, edits)
2026-09-18 21:10:45 <- multi_edit (0.1s): Modified Config (ModuleScript) with 1 edits applied
2026-09-18 21:10:49 -> tool  start_stop_play(is_start)
2026-09-18 21:10:53 <- start_stop_play (3.3s): Game Started
2026-09-18 21:10:56 -> tool  get_console_output()
2026-09-18 21:10:56 <- get_console_output (0.0s): cloud_98896107805157.GUIPresetPlugin.DownloadableScripts.UIAnimationCLIENT:1: at
2026-09-18 21:11:00 -> tool  start_stop_play(is_start)
2026-09-18 21:11:01 <- start_stop_play (1.0s): Game Stopped
2026-09-18 21:11:53 -> tool  generate_procedural_model(prompt, segmentation)
2026-09-18 21:13:53 <- generate_procedural_model (120.0s)  [SLOW]: No response from server 'roblox' after 120.0s.
2026-09-18 21:15:02 -> tool  generate_procedural_model(prompt, segmentation)
2026-09-18 21:16:42 <- generate_procedural_model (100.0s)  [SLOW]: {"generationName":"ChocolateFactory","generationId":"54b26d7e-0523-4cc7-b0b7-dd2
2026-09-18 21:37:20 -> tool  execute_luau(datamodel_type, code)
2026-09-18 21:37:20 <- execute_luau (0.1s): {"1":"ChocolateFactory (ProceduralModel)","2":"ChocolateFactory (ProceduralModel
2026-09-18 21:41:30 -> tool  execute_luau(datamodel_type, code)
2026-09-18 21:41:30 <- execute_luau (0.1s): {"ok":true,"name":"FactoryWorld_Building","parts":88}
2026-09-18 21:41:34 -> tool  generate_procedural_model(prompt, segmentation)
2026-09-18 21:42:54 <- generate_procedural_model (79.7s)  [SLOW]: {"generationName":"ChocolateWorkshop","generationId":"8c633616-14e2-4c12-81a4-b6
2026-09-18 21:42:58 -> tool  execute_luau(datamodel_type, code)
2026-09-18 21:42:58 <- execute_luau (0.1s): {"ok":true,"name":"WorkshopWorld_Building","parts":28}
2026-09-18 21:43:03 -> tool  generate_procedural_model(prompt, segmentation)
2026-09-18 21:44:49 <- generate_procedural_model (106.5s)  [SLOW]: {"generationName":"ChocolateCastle","generationId":"bfc0c8b6-a8a5-46b9-9044-8875
2026-09-18 21:44:54 -> tool  execute_luau(datamodel_type, code)
2026-09-18 21:44:54 <- execute_luau (0.1s): {"ok":true,"name":"RoyalWorld_Building","parts":221}
2026-09-18 21:44:57 -> tool  generate_procedural_model(prompt, segmentation)
2026-09-18 21:46:23 <- generate_procedural_model (85.7s)  [SLOW]: {"generationName":"SpaceFactory","generationId":"c997bac5-94df-4584-99ac-bfb87f9
2026-09-18 21:46:28 -> tool  execute_luau(datamodel_type, code)
2026-09-18 21:46:28 <- execute_luau (0.1s): {"ok":true,"name":"SpaceWorld_Building","parts":97}
2026-09-18 21:46:31 -> tool  generate_procedural_model(prompt, segmentation)
2026-09-18 21:48:31 <- generate_procedural_model (120.0s)  [SLOW]: No response from server 'roblox' after 120.0s.
2026-09-18 21:48:35 -> tool  generate_procedural_model(prompt, segmentation)
2026-09-18 21:50:35 <- generate_procedural_model (120.0s)  [SLOW]: No response from server 'roblox' after 120.0s.
2026-09-18 21:50:39 -> tool  execute_luau(datamodel_type, code)
2026-09-18 21:50:39 <- execute_luau (0.1s): {"1":"CosmicChocolateStation"}
2026-09-18 21:50:44 -> tool  execute_luau(datamodel_type, code)
2026-09-18 21:50:44 <- execute_luau (0.1s): {"ok":true,"name":"GalaxyWorld_Building","parts":85}
2026-09-18 21:50:48 -> tool  execute_luau(datamodel_type, code)
2026-09-18 21:50:49 <- execute_luau (0.1s): {"1":"FactoryWorld_Building (Model) @ y=25","3":"FactoryWorld_Platform (Part) @ 
2026-09-18 21:50:53 -> tool  multi_edit(datamodel_type, file_path, edits)
2026-09-18 21:50:53 <- multi_edit (0.1s): Modified Memory (ModuleScript) with 1 edits applied
2026-09-18 21:50:58 -> tool  generate_procedural_model(prompt, segmentation)
2026-09-18 21:52:05 <- generate_procedural_model (67.1s)  [SLOW]: {"generationName":"ChocolateStatue","generationId":"a6b66fce-5af2-4418-bf58-768f
2026-09-18 21:52:13 -> tool  execute_luau(datamodel_type, code)
2026-09-18 21:52:13 <- execute_luau (0.0s): sabuiltin_Assistant.rbxm.Assistant.Packages._Index.AssistantUI.AssistantUI.Tools
2026-09-18 21:52:17 -> tool  execute_luau(datamodel_type, code)
2026-09-18 21:52:17 <- execute_luau (0.1s): {"21":"  OOF! (MeshPart)","20":"  Part (Part)","19":"  Part (Part)","18":"  Part
2026-09-18 21:52:51 -> tool  execute_luau(datamodel_type, code)
2026-09-18 21:52:51 <- execute_luau (0.1s): {"ok":true,"name":"ChocolateMonument","parts":14}
2026-09-18 22:12:43 -> tool  execute_luau(datamodel_type, code)
2026-09-18 22:12:43 <- execute_luau (0.1s): {"1":"Terrain (Terrain) @ (0,0,0)","4":"wall (Folder)","3":"Worlds (Folder)","2"
2026-09-18 22:12:50 -> tool  execute_luau(datamodel_type, code)
2026-09-18 22:12:50 <- execute_luau (0.1s): {"wall":{"1":"wall/wall (Model)","3":"wall/wall (Model)","2":"wall/wall (Model)"
2026-09-18 22:13:00 -> tool  execute_luau(datamodel_type, code)
2026-09-18 22:13:00 <- execute_luau (0.1s): {"18":"WorkshopWorld_Platform (-114,2,0)","9":"WorkshopWorld_Pad (0,4,-40)","1":
2026-09-18 22:13:09 -> tool  execute_luau(datamodel_type, code)
2026-09-18 22:13:09 <- execute_luau (0.1s): {"1":"Terrain @ (0,0,0) size=(2044,252,2044) col=163,162,165"}
2026-09-18 22:13:28 -> tool  execute_luau(datamodel_type, code)
2026-09-18 22:13:28 <- execute_luau (0.1s): {"22":"wall/wall/Part @ (480,21,64) size=(120,8,40)","21":"wall/wall/Part @ (480
2026-09-18 22:13:51 -> tool  execute_luau(datamodel_type, code)
2026-09-18 22:13:51 <- execute_luau (0.1s): {"9":"  wall/wall ?","1":"Worlds/","15":"  wall/wall ?","3":"  wall/wall ?","2":
2026-09-18 22:14:38 -> tool  execute_luau(datamodel_type, code)
2026-09-18 22:14:38 <- execute_luau (0.1s): {"236":"    Part (Part) @ (147,41,64) sz=(6,5,12)","136":"    Part (Part) @ (201
2026-09-18 22:15:18 -> tool  multi_edit(datamodel_type, file_path, edits)
2026-09-18 22:15:19 <- multi_edit (0.0s): Modified Config (ModuleScript) with 4 edits applied
2026-09-18 22:44:13 -> tool  execute_luau(datamodel_type, code)
2026-09-18 22:44:13 <- execute_luau (0.1s): {"ok":true,"name":"Workshop_ProductionLine","parts":33}
2026-09-18 23:55:02 [roblox] stdout closed (process ended, exit code None)
2026-09-19 12:00:15 ===== BRIDGE START  v1.5.5  pid=32168  log=C:\Users\robin\Downloads\ZeroScript-Free-1.5.5\ZeroScript-Free-1.5.5\logs\bridge_debug.log =====
2026-09-19 12:00:15 configured 1 MCP server(s): roblox
2026-09-19 12:00:15 listening on ws://127.0.0.1:17613  - load the extension and open a supported AI chat
2026-09-19 12:00:15 [roblox] launching  (C:\Users\robin\AppData\Local\Programs\Python\Python314\python.exe C:\Users\robin\Downloads\ZeroScript-Free-1.5.5\ZeroScript-Free-1.5.5\launch_studio_mcp.py)
2026-09-19 12:00:15 [roblox] stderr: launch_studio_mcp: using C:\Users\robin\AppData\Local\Roblox\Versions\version-55808de4b1914919\StudioMCP.exe
2026-09-19 12:00:15 [roblox] MCP server up  (28 tools advertised)
2026-09-19 12:00:19 extension connected  (127.0.0.1)  [1 client(s)]
2026-09-19 12:00:21 ready 28 tools available - Roblox Studio connected
2026-09-19 12:05:43 -> tool  generate_procedural_model(prompt, segmentation, partNames)
2026-09-19 12:06:54 <- generate_procedural_model (71.2s)  [SLOW]: Asset datamodel is not reachable: Target is closed (HOST_INVOKE_PrimitiveGenTool
2026-09-19 12:07:25 -> tool  search_game_tree(datamodel_type, path, max_depth)
2026-09-19 12:07:25 <- search_game_tree (0.0s): [{"parentName":"Place3","fullPath":"Workspace","name":"Workspace","className":"W
2026-09-19 12:07:29 -> tool  search_game_tree(datamodel_type, max_depth)
2026-09-19 12:07:29 <- search_game_tree (0.0s): Note: Output limited to 200 nodes (results truncated)  [{"fullPath":"Place3","na
2026-09-19 12:07:34 -> tool  execute_luau(datamodel_type, code)
2026-09-19 12:07:34 <- execute_luau (0.1s): {"1":"Terrain [Terrain]","4":"Camera [Camera]","3":"SpawnLocation [SpawnLocation
2026-09-19 12:07:38 -> tool  generate_procedural_model(prompt, segmentation, partNames)
2026-09-19 12:08:49 <- generate_procedural_model (70.8s)  [SLOW]: {"generationName":"DonationMap","generationId":"45542b72-ebca-48cc-8c5c-3ebeafda
2026-09-19 12:08:52 -> tool  wait_job_finished(jobId)
2026-09-19 12:08:52 <- wait_job_finished (0.0s): No job found with id: 45542b72-ebca-48cc-8c5c-3ebeafda91b9
2026-09-19 12:08:56 -> tool  execute_luau(datamodel_type, code)
2026-09-19 12:08:56 <- execute_luau (0.1s): {"1":"Terrain [Terrain]","3":"SpawnLocation [SpawnLocation]","2":"Baseplate [Par
2026-09-19 12:09:00 -> tool  execute_luau(datamodel_type, code)
2026-09-19 12:09:00 <- execute_luau (0.1s): {"attrs":{"BoothColor":"0.235294, 0.235294, 0.254902","WallColor":"0.960784, 0.9
2026-09-19 12:11:36 -> tool  script_read(target_file)
2026-09-19 12:11:36 <- script_read (0.0s): sabuiltin_Assistant.rbxm.Assistant.Packages._Index.AssistantUI.AssistantUI.Tools
2026-09-19 12:11:40 -> tool  execute_luau(datamodel_type, code)
2026-09-19 12:11:40 <- execute_luau (0.1s): {"1":"Terrain [Terrain]","4":"Camera [Camera]","3":"SpawnLocation [SpawnLocation
2026-09-19 12:12:01 -> tool  execute_luau(datamodel_type, code)
2026-09-19 12:12:01 <- execute_luau (0.1s): {"paths":7,"booths":20,"floor":true,"trees":34}
2026-09-19 12:12:12 -> tool  execute_luau(datamodel_type, code)
2026-09-19 12:12:12 <- execute_luau (0.1s): ok
2026-09-19 12:12:23 -> tool  multi_edit(datamodel_type, className, file_path, edits)
2026-09-19 12:12:23 <- multi_edit (0.1s): Created DonationServer (Script) with 1 edits applied
2026-09-19 12:12:35 -> tool  multi_edit(datamodel_type, className, file_path, edits)
2026-09-19 12:12:35 <- multi_edit (0.1s): Created DonationClient (LocalScript) with 1 edits applied
2026-09-19 12:12:42 -> tool  script_read(target_file)
2026-09-19 12:12:42 <- script_read (0.0s):      1→local Players = game:GetService("Players")      2→local RS = game:GetServ
2026-09-19 12:12:47 -> tool  multi_edit(datamodel_type, file_path, edits)
2026-09-19 12:12:47 <- multi_edit (0.1s): Modified DonationClient (LocalScript) with 1 edits applied
2026-09-19 12:12:52 -> tool  execute_luau(datamodel_type, code)
2026-09-19 12:12:52 <- execute_luau (0.1s): ok
2026-09-19 12:12:59 -> tool  multi_edit(datamodel_type, className, file_path, edits)
2026-09-19 12:12:59 <- multi_edit (0.1s): Created LeaderboardServer (Script) with 1 edits applied
2026-09-19 12:13:05 -> tool  multi_edit(datamodel_type, className, file_path, edits)
2026-09-19 12:13:05 <- multi_edit (0.1s): Created Memory (ModuleScript) with 1 edits applied
2026-09-19 12:47:05 Roblox Studio disconnected - re-enable its MCP server (toggle off/on).
2026-09-19 12:47:06 Place closed (Studio app still connected).
2026-09-19 12:47:26 Roblox Studio is RUNNING but its MCP plugin has not registered with the bridge yet.
2026-09-19 12:47:26 If Studio is still STARTING UP, give it a minute (its plugin registers late in boot).
2026-09-19 12:47:26 If Studio is fully loaded and this stays yellow: in Roblox Studio, simply OPEN Assistant Settings > MCP Servers - opening that panel makes the plugin re-register (validated twice live). If that's not enough, toggle 'Enable Studio as MCP server' OFF then ON there.
2026-09-19 12:48:59 Roblox Studio is RUNNING but its MCP plugin has not registered with the bridge yet.
2026-09-19 12:48:59 If Studio is still STARTING UP, give it a minute (its plugin registers late in boot).
2026-09-19 12:48:59 If Studio is fully loaded and this stays yellow: in Roblox Studio, simply OPEN Assistant Settings > MCP Servers - opening that panel makes the plugin re-register (validated twice live). If that's not enough, toggle 'Enable Studio as MCP server' OFF then ON there.
2026-09-19 12:50:31 Roblox Studio is RUNNING but its MCP plugin has not registered with the bridge yet.
2026-09-19 12:50:31 If Studio is still STARTING UP, give it a minute (its plugin registers late in boot).
2026-09-19 12:50:31 If Studio is fully loaded and this stays yellow: in Roblox Studio, simply OPEN Assistant Settings > MCP Servers - opening that panel makes the plugin re-register (validated twice live). If that's not enough, toggle 'Enable Studio as MCP server' OFF then ON there.
2026-09-19 12:52:03 Roblox Studio is RUNNING but its MCP plugin has not registered with the bridge yet.
2026-09-19 12:52:03 If Studio is still STARTING UP, give it a minute (its plugin registers late in boot).
2026-09-19 12:52:03 If Studio is fully loaded and this stays yellow: in Roblox Studio, simply OPEN Assistant Settings > MCP Servers - opening that panel makes the plugin re-register (validated twice live). If that's not enough, toggle 'Enable Studio as MCP server' OFF then ON there.
2026-09-19 12:53:01 [roblox] stdout closed (process ended, exit code None)
2026-09-19 15:52:21 ===== BRIDGE START  v1.5.5  pid=29220  log=C:\Users\robin\Downloads\ZeroScript-Free-1.5.5\ZeroScript-Free-1.5.5\logs\bridge_debug.log =====
2026-09-19 15:52:21 configured 1 MCP server(s): roblox
2026-09-19 15:52:22 listening on ws://127.0.0.1:17613  - load the extension and open a supported AI chat
2026-09-19 15:52:22 [roblox] launching  (C:\Users\robin\AppData\Local\Programs\Python\Python314\python.exe C:\Users\robin\Downloads\ZeroScript-Free-1.5.5\ZeroScript-Free-1.5.5\launch_studio_mcp.py)
2026-09-19 15:52:22 [roblox] stderr: launch_studio_mcp: using C:\Users\robin\AppData\Local\Roblox\Versions\version-55808de4b1914919\StudioMCP.exe
2026-09-19 15:52:22 [roblox] MCP server up  (28 tools advertised)
2026-09-19 15:52:22 extension connected  (127.0.0.1)  [1 client(s)]
2026-09-19 15:52:26 ready 28 tools available - Roblox Studio connected
2026-09-19 15:53:53 -> tool  script_search(keywords)
2026-09-19 15:53:53 <- script_search (0.0s): Name: AdminAnnouncementController | Type: ModuleScript | Path: StarterPlayer.Sta
2026-09-19 15:53:56 -> tool  script_read(target_file)
2026-09-19 15:53:56 <- script_read (0.0s):      1→--[[      2→	AdminService      3→      4→	Whitelist-gated admin actions, 
2026-09-19 15:54:00 -> tool  script_read(target_file)
2026-09-19 15:54:00 <- script_read (0.0s):      1→local Players = game:GetService("Players")      2→local ReplicatedStorage
2026-09-19 15:56:11 -> tool  script_search(keywords)
2026-09-19 15:56:11 <- script_search (0.1s): Name: UFOEventController | Type: ModuleScript | Path: Players.RobinNoe171111.Pla
2026-09-19 15:56:15 -> tool  search_game_tree(datamodel_type, path, max_depth)
2026-09-19 15:56:15 <- search_game_tree (0.0s): Edit datamodel is not available in Play mode
2026-09-19 15:56:18 -> tool  get_studio_state()
2026-09-19 15:56:18 <- get_studio_state (0.0s): - Current Studio Mode: Play - Available DataModels: Client, Server - Focused Dat
2026-09-19 15:56:22 -> tool  script_read(target_file)
2026-09-19 15:56:22 <- script_read (0.0s):      1→local UFOEventConfig = {}      2→      3→-- How long a player must wait b
2026-09-19 15:56:29 -> tool  script_search(keywords)
2026-09-19 15:56:29 <- script_search (0.0s): Name: TreadmillController | Type: ModuleScript | Path: StarterPlayer.StarterPlay
2026-09-19 15:56:31 -> tool  script_read(target_file)
2026-09-19 15:56:31 <- script_read (0.0s):      1→local TreadmillConfig = {}      2→      3→-- How often (seconds) a standi
2026-09-19 15:56:35 -> tool  script_read(target_file)
2026-09-19 15:56:35 <- script_read (0.0s):      1→local Players = game:GetService("Players")      2→local CollectionService
2026-09-19 15:56:39 -> tool  execute_luau(datamodel_type, code)
2026-09-19 15:56:39 <- execute_luau (0.0s): Server datamodel is not available in Edit mode
2026-09-19 15:56:43 -> tool  execute_luau(code, datamodel_type)
2026-09-19 15:56:43 <- execute_luau (0.1s): UFO (Model), Radioactive (Model)
2026-09-19 21:40:30 Roblox Studio disconnected - re-enable its MCP server (toggle off/on).
2026-09-19 21:40:31 Place closed (Studio app still connected).
2026-09-19 21:40:51 Roblox Studio is RUNNING but its MCP plugin has not registered with the bridge yet.
2026-09-19 21:40:51 If Studio is still STARTING UP, give it a minute (its plugin registers late in boot).
2026-09-19 21:40:51 If Studio is fully loaded and this stays yellow: in Roblox Studio, simply OPEN Assistant Settings > MCP Servers - opening that panel makes the plugin re-register (validated twice live). If that's not enough, toggle 'Enable Studio as MCP server' OFF then ON there.
2026-09-19 21:42:24 Roblox Studio is RUNNING but its MCP plugin has not registered with the bridge yet.
2026-09-19 21:42:24 If Studio is still STARTING UP, give it a minute (its plugin registers late in boot).
2026-09-19 21:42:24 If Studio is fully loaded and this stays yellow: in Roblox Studio, simply OPEN Assistant Settings > MCP Servers - opening that panel makes the plugin re-register (validated twice live). If that's not enough, toggle 'Enable Studio as MCP server' OFF then ON there.
2026-09-19 21:43:02 [roblox] stdout closed (process ended, exit code None)
2026-09-20 07:26:35 ===== BRIDGE START  v1.5.5  pid=18716  log=C:\Users\robin\Downloads\ZeroScript-Free-1.5.5\ZeroScript-Free-1.5.5\logs\bridge_debug.log =====
2026-09-20 07:26:35 configured 1 MCP server(s): roblox
2026-09-20 07:26:35 listening on ws://127.0.0.1:17613  - load the extension and open a supported AI chat
2026-09-20 07:26:35 [roblox] launching  (C:\Users\robin\AppData\Local\Programs\Python\Python314\python.exe C:\Users\robin\Downloads\ZeroScript-Free-1.5.5\ZeroScript-Free-1.5.5\launch_studio_mcp.py)
2026-09-20 07:26:36 [roblox] stderr: launch_studio_mcp: using C:\Users\robin\AppData\Local\Roblox\Versions\version-55808de4b1914919\StudioMCP.exe
2026-09-20 07:26:36 [roblox] MCP server up  (28 tools advertised)
2026-09-20 07:26:38 extension connected  (127.0.0.1)  [1 client(s)]
2026-09-20 07:26:38 ready 28 tools available - Roblox Studio connected
2026-09-20 07:29:02 -> tool  search_game_tree(datamodel_type, max_depth, head_limit)
2026-09-20 07:29:02 <- search_game_tree (0.0s): Note: Output limited to 200 nodes (results truncated)  [{"fullPath":"Place1","na
2026-09-20 07:29:06 -> tool  search_game_tree(datamodel_type, path, max_depth, head_limit)
2026-09-20 07:29:06 <- search_game_tree (0.0s): Note: Output limited to 200 nodes (results truncated)  [{"parentName":"Place1","
2026-09-20 07:29:09 -> tool  script_search(keywords)
2026-09-20 07:29:09 <- script_search (0.0s): No matches found for the given query.
2026-09-20 07:29:13 -> tool  search_game_tree(datamodel_type, path, max_depth, head_limit)
2026-09-20 07:29:13 <- search_game_tree (0.0s): [{"parentName":"Place1","fullPath":"ServerScriptService","name":"ServerScriptSer
2026-09-20 07:29:17 -> tool  script_read(target_file)
2026-09-20 07:29:17 <- script_read (0.0s): sabuiltin_Assistant.rbxm.Assistant.Packages._Index.AssistantUI.AssistantUI.Tools
2026-09-20 07:29:20 -> tool  search_game_tree(datamodel_type, path, max_depth, head_limit)
2026-09-20 07:29:20 <- search_game_tree (0.0s): [{"parentName":"Place1","fullPath":"ReplicatedStorage","name":"ReplicatedStorage
2026-09-20 07:29:23 -> tool  script_read(target_file)
2026-09-20 07:29:24 <- script_read (0.0s):      1→local SoundService = game:GetService("SoundService")      2→local winSoun
2026-09-20 07:34:21 -> tool  execute_luau(datamodel_type, code)
2026-09-20 07:34:21 <- execute_luau (0.1s): {"Leaderstats":"local Players = game:GetService(\"Players\")\nlocal DataStoreSer
2026-09-20 07:36:15 -> tool  script_read(target_file, start_line_one_indexed, end_line_one_indexed_inclusive, should_read_entire_file)
2026-09-20 07:36:15 <- script_read (0.0s):    180→    181→		-- 3. TÉLÉPORTATION & PHASE DE BUILD    182→		teleportPlayersTo
2026-09-20 07:36:58 -> tool  execute_luau(datamodel_type, code)
2026-09-20 07:36:58 <- execute_luau (0.1s): total=392 182 |2| >>teleportPlayersTo(spawnsFolder) 184 |1| >-- Suivi des élimin
2026-09-20 07:37:18 -> tool  execute_luau(datamodel_type, code)
2026-09-20 07:37:18 <- execute_luau (0.1s): 1 |0| local SoundService = game:GetService("SoundService") 2 |0| local winSound 
2026-09-20 07:37:25 -> tool  execute_luau(datamodel_type, code)
2026-09-20 07:37:25 <- execute_luau (0.1s): 184|1|   -- Suivi des éliminations : un joueur mort ne peut plus gagner le round
2026-09-20 07:38:06 -> tool  execute_luau(datamodel_type, code)
2026-09-20 07:38:06 <- execute_luau (0.1s): {"compiles":true,"total":392,"lines_139_214":"139: -- Boucle Principale du Jeu\n
2026-09-20 07:38:35 -> tool  execute_luau(datamodel_type, code)
2026-09-20 07:38:35 <- execute_luau (0.1s): 375: [TTend] 376: [TTlocal lobby = workspace:FindFirstChild("Lobby")] 377: [TTlo
2026-09-20 07:38:45 -> tool  execute_luau(datamodel_type, code)
2026-09-20 07:38:45 <- execute_luau (0.1s): 184 depth_before=2 do=0 then=0 fn=0 end=0 | T-- Suivi des éliminations : un joue
2026-09-20 07:39:35 -> tool  execute_luau(datamodel_type, code)
2026-09-20 07:39:35 <- execute_luau (0.1s): {"insert_end_after_204":"FAIL:  Expected ')' (to close '(' at line 140), got 'en
2026-09-20 07:39:54 -> tool  execute_luau(datamodel_type, code)
2026-09-20 07:39:54 <- execute_luau (0.1s): 186 <<\tlocal lobbySpawnRef = workspace:FindFirstChild("Lobby") and workspace.Lo
2026-09-20 07:40:31 -> tool  execute_luau(datamodel_type, code)
2026-09-20 07:40:31 <- execute_luau (0.1s): L140 depth_before=0 delta=1 -> 1 | task.spawn(function() L141 depth_before=1 del
2026-09-20 07:40:58 -> tool  execute_luau(datamodel_type, code)
2026-09-20 07:40:58 <- execute_luau (0.1s): {"combined":true}
2026-09-20 07:41:49 -> tool  multi_edit(datamodel_type, file_path, edits)
2026-09-20 07:41:49 <- multi_edit (0.1s): Modified MainGameScript (Script) with 2 edits applied
2026-09-20 07:41:52 -> tool  execute_luau(datamodel_type, code)
2026-09-20 07:41:52 <- execute_luau (0.1s): {"compiles":true,"total":392}
2026-09-20 07:42:00 -> tool  script_read(target_file, start_line_one_indexed, end_line_one_indexed_inclusive, should_read_entire_file)
2026-09-20 07:42:00 <- script_read (0.0s):     41→local MUTATORS = {     42→	{Name = "Gravité Faible", Color = Color3.fromR
2026-09-20 07:42:07 -> tool  multi_edit(datamodel_type, file_path, edits)
2026-09-20 07:42:07 <- multi_edit (0.1s): Modified MainGameScript (Script) with 2 edits applied
2026-09-20 07:42:11 -> tool  script_read(target_file)
2026-09-20 07:42:11 <- script_read (0.0s):      1→local Players = game:GetService("Players")      2→local DataStoreService 
2026-09-20 07:42:22 -> tool  multi_edit(datamodel_type, file_path, edits)
2026-09-20 07:42:22 <- multi_edit (0.0s): Modified LeaderboardServer (Script) with 1 edits applied
2026-09-20 07:42:28 -> tool  execute_luau(datamodel_type, code)
2026-09-20 07:42:28 <- execute_luau (0.1s): {"MainGameScript":"OK","LeaderboardServer":"OK"}
2026-09-20 07:42:36 -> tool  multi_edit(datamodel_type, file_path, className, edits)
2026-09-20 07:42:36 <- multi_edit (0.1s): Created Memory (ModuleScript) with 1 edits applied
2026-09-20 08:42:34 -> tool  script_read(target_file)
2026-09-20 08:42:34 <- script_read (0.0s):      1→local Players = game:GetService("Players")      2→local DataStoreService 
2026-09-20 08:42:46 -> tool  multi_edit(datamodel_type, file_path, edits)
2026-09-20 08:42:46 <- multi_edit (0.1s): Modified Leaderstats (Script) with 3 edits applied
2026-09-20 08:42:52 -> tool  execute_luau(datamodel_type, code)
2026-09-20 08:42:52 <- execute_luau (0.1s): OK
2026-09-20 08:42:56 -> tool  script_read(target_file, start_line_one_indexed, end_line_one_indexed_inclusive, should_read_entire_file)
2026-09-20 08:42:56 <- script_read (0.0s):    120→	end    121→	task.wait(1)    122→end)    123→    124→-- Gérer les nouveau
2026-09-20 08:43:00 -> tool  multi_edit(datamodel_type, file_path, edits)
2026-09-20 08:43:00 <- multi_edit (0.1s): Modified Leaderstats (Script) with 1 edits applied
2026-09-20 08:43:04 -> tool  execute_luau(datamodel_type, code)
2026-09-20 08:43:04 <- execute_luau (0.1s): OK
2026-09-20 08:43:08 -> tool  inspect_instance(path)
2026-09-20 08:43:08 <- inspect_instance (0.0s): {"path":"Workspace.Maps","name":"Maps","className":"Folder","attributes":{"Viral
2026-09-20 08:43:12 -> tool  search_game_tree(datamodel_type, path, max_depth, head_limit)
2026-09-20 08:43:12 <- search_game_tree (0.0s): [{"parentName":"Workspace","fullPath":"Workspace.Maps","name":"Maps","className"
2026-09-20 08:43:17 -> tool  script_grep(query)
2026-09-20 08:43:17 <- script_grep (0.1s): Path: ServerStorage.ZeroScript.Memory | Line: 21 | - Maps dupliquees (Workspace.
2026-09-20 08:43:20 -> tool  script_grep(query)
2026-09-20 08:43:20 <- script_grep (0.0s): Path: Workspace.Lobby.Box.Box.CoreSkyboxSystem | Line: 158 | -- Maps BasePart → 
2026-09-20 08:44:26 -> tool  execute_luau(datamodel_type, code)
2026-09-20 08:44:26 <- execute_luau (0.1s): Tous les scripts compilent OK
2026-09-20 08:44:30 -> tool  get_console_output()
2026-09-20 08:44:30 <- get_console_output (0.0s): RobinNoe171111 joined live editing session. Unable to load plugin icon: rbxasset
2026-09-20 08:45:16 -> tool  start_stop_play(is_start)
2026-09-20 08:45:21 <- start_stop_play (4.9s): Game Started
2026-09-20 08:45:25 -> tool  execute_luau(datamodel_type, code)
2026-09-20 08:45:25 <- execute_luau (0.0s): Edit datamodel is not available in Play mode
2026-09-20 08:45:29 -> tool  get_console_output()
2026-09-20 08:47:29 <- get_console_output (120.0s)  [SLOW]: No response from server 'roblox' after 120.0s.
2026-09-20 08:48:24 -> tool  get_console_output()
2026-09-20 08:49:55 -> tool  script_read(target_file)
2026-09-20 08:50:24 <- get_console_output (120.0s)  [SLOW]: No response from server 'roblox' after 120.0s.
2026-09-20 08:50:24 <- script_read (29.0s)  [SLOW]:      1→-- ShopServer : boutique en pièces avec effets réels et sauvegarde des ac
2026-09-20 08:50:29 [roblox] stderr: 2026-09-20T12:50:29.386905Z  WARN rmcp::service: response error id=3334 error=ErrorData { code: ErrorCode(-32603), message: "Request timeout", data: None }
2026-09-20 08:53:24 [roblox] stderr: 2026-09-20T12:53:24.570301Z  WARN rmcp::service: response error id=3371 error=ErrorData { code: ErrorCode(-32603), message: "Request timeout", data: None }
2026-09-20 08:53:27 -> tool  script_grep(query)
2026-09-20 08:53:27 <- script_grep (0.0s): Path: StarterGui.LavaGame_UI.LavaClientManager | Line: 5 | local shopEvent = eve
2026-09-20 08:59:43 -> tool  script_read(target_file, start_line_one_indexed, end_line_one_indexed_inclusive, should_read_entire_file)
2026-09-20 08:59:43 <- script_read (0.0s):    220→	buttonDebounce[btn] = true    221→    222→	local originalSize = btn.Size
2026-09-20 08:59:46 -> tool  script_read(target_file, start_line_one_indexed, end_line_one_indexed_inclusive, should_read_entire_file)
2026-09-20 08:59:46 <- script_read (0.0s):    300→    end    301→end    302→    303→switchTab("Blocs")    304→    305→-- Ac
2026-09-20 08:59:51 -> tool  search_game_tree(datamodel_type, path, max_depth, keywords)
2026-09-20 08:59:51 <- search_game_tree (0.0s): [{"parentName":"StatsFrame","fullPath":"StarterGui.LavaGame_UI.TopContainer.Stat
2026-09-20 09:00:01 -> tool  get_console_output()
2026-09-20 09:02:01 <- get_console_output (120.0s)  [SLOW]: No response from server 'roblox' after 120.0s.
2026-09-20 09:03:01 -> tool  script_read(target_file, start_line_one_indexed, end_line_one_indexed_inclusive, should_read_entire_file)
2026-09-20 09:03:01 <- script_read (0.0s):      1→local TweenService = game:GetService("TweenService")      2→local Replica
2026-09-20 09:03:22 -> tool  execute_luau(datamodel_type, code)
2026-09-20 09:03:22 <- execute_luau (0.0s): Client datamodel is not available in Edit mode
2026-09-20 09:03:29 -> tool  get_studio_state()
2026-09-20 09:03:29 <- get_studio_state (0.0s): - Current Studio Mode: Edit - Available DataModels: Edit - Focused DataModel in 
2026-09-20 09:03:41 [roblox] stdout closed (process ended, exit code None)
2026-09-21 09:05:01 ===== BRIDGE START  v1.5.5  pid=19012  log=C:\Users\robin\Downloads\ZeroScript-Free-1.5.5\ZeroScript-Free-1.5.5\logs\bridge_debug.log =====
2026-09-21 09:05:01 configured 1 MCP server(s): roblox
2026-09-21 09:05:01 listening on ws://127.0.0.1:17613  - load the extension and open a supported AI chat
2026-09-21 09:05:01 [roblox] launching  (C:\Users\robin\AppData\Local\Programs\Python\Python314\python.exe C:\Users\robin\Downloads\ZeroScript-Free-1.5.5\ZeroScript-Free-1.5.5\launch_studio_mcp.py)
2026-09-21 09:05:01 [roblox] stderr: launch_studio_mcp: using C:\Users\robin\AppData\Local\Roblox\Versions\version-55808de4b1914919\StudioMCP.exe
2026-09-21 09:05:01 [roblox] MCP server up  (28 tools advertised)
2026-09-21 09:05:05 extension connected  (127.0.0.1)  [1 client(s)]
2026-09-21 09:05:06 ready 28 tools available - Roblox Studio connected
2026-09-21 09:06:49 -> tool  script_read(target_file)
2026-09-21 09:06:49 <- script_read (0.1s): sabuiltin_Assistant.rbxm.Assistant.Packages._Index.AssistantUI.AssistantUI.Tools
2026-09-21 09:06:53 -> tool  script_read(target_file)
2026-09-21 09:06:53 <- script_read (0.0s):      1→-- Services      2→      3→local Players = game:GetService("Players")    
2026-09-21 09:06:57 -> tool  script_read(target_file)
2026-09-21 09:06:57 <- script_read (0.0s):      1→-- State      2→      3→local Config = {}      4→      5→-- Loading scree
2026-09-21 09:07:01 -> tool  script_grep(query)
2026-09-21 09:07:01 <- script_grep (0.0s): Path: ReplicatedStorage.Packages._Index.aykut92_profilestore@1.0.21.profilestore
2026-09-21 09:07:05 -> tool  multi_edit(datamodel_type, file_path, edits)
2026-09-21 09:07:05 <- multi_edit (0.1s): Modified ProfileStoreService (ModuleScript) with 1 edits applied
2026-09-21 09:07:11 -> tool  multi_edit(datamodel_type, className, file_path, edits)
2026-09-21 09:07:11 <- multi_edit (0.1s): Created Memory (ModuleScript) with 1 edits applied
2026-09-21 09:08:37 -> tool  start_stop_play(is_start)
2026-09-21 09:08:41 <- start_stop_play (3.4s): Game Started
2026-09-21 09:08:44 -> tool  get_console_output()
2026-09-21 09:08:44 <- get_console_output (0.0s): [Init] Ready Server/PurchaseService (6.62 ms) [Init] Ready Server/ApplyDescripti
2026-09-21 09:08:48 -> tool  start_stop_play(is_start)
2026-09-21 09:08:49 <- start_stop_play (1.0s): Game Stopped
2026-09-21 09:21:37 -> tool  search_game_tree(datamodel_type, path, keywords, max_depth, head_limit)
2026-09-21 09:21:37 <- search_game_tree (0.1s): [{"parentName":"Workspace","fullPath":"Workspace.8","name":"8","className":"Mode
2026-09-21 09:21:41 -> tool  execute_luau(datamodel_type, code)
2026-09-21 09:21:41 <- execute_luau (0.1s): {"renamed":88,"last":"88","first":"1"}
2026-09-21 09:29:11 -> tool  search_game_tree(datamodel_type, path, keywords, max_depth, head_limit)
2026-09-21 09:29:11 <- search_game_tree (0.0s): [{"parentName":"Workspace","fullPath":"Workspace.NPCS","name":"NPCS","className"
2026-09-21 09:29:15 -> tool  execute_luau(datamodel_type, code)
2026-09-21 09:29:15 <- execute_luau (0.1s): {"count":36,"names":{"35":"xirumedgf [Model]","29":"xirumedgf [Model]","1":"1 [M
2026-09-21 09:29:19 -> tool  execute_luau(datamodel_type, code)
2026-09-21 09:29:19 <- execute_luau (0.1s): {"renamed":27,"last":"36","first":"10"}
2026-09-21 10:08:02 -> tool  script_read(target_file)
2026-09-21 10:08:02 <- script_read (0.0s):      1→return [==[      2→# Project memory      3→## Overview      4→Avatar Kit 
2026-09-21 10:08:07 -> tool  search_game_tree(datamodel_type, max_depth, head_limit)
2026-09-21 10:08:07 <- search_game_tree (0.0s): Note: Output limited to 100 nodes (results truncated)  [{"fullPath":"Dodge the W
2026-09-21 10:08:11 -> tool  search_game_tree(datamodel_type, path, max_depth, head_limit)
2026-09-21 10:08:11 <- search_game_tree (0.0s): [{"parentName":"Dodge the Wall","fullPath":"Workspace","name":"Workspace","class
2026-09-21 10:10:32 -> tool  execute_luau(code, datamodel_type)
2026-09-21 10:10:32 <- execute_luau (0.1s): {"Track":"Workspace.Track","RailLeft":"Workspace.RailLeft","Baseplate":"recolore
2026-09-21 11:28:36 -> tool  multi_edit(datamodel_type, file_path, className, edits)
2026-09-21 11:28:36 <- multi_edit (0.1s): Created WallGenerator (Script) with 1 edits applied
2026-09-21 11:29:11 -> tool  multi_edit(datamodel_type, file_path, className, edits)
2026-09-21 11:29:11 <- multi_edit (0.1s): Created WallCollision (Script) with 1 edits applied
2026-09-21 11:29:38 -> tool  multi_edit(datamodel_type, file_path, className, edits)
2026-09-21 11:29:38 <- multi_edit (0.1s): Created ScoreGui (LocalScript) with 1 edits applied
2026-09-21 11:29:48 -> tool  multi_edit(datamodel_type, file_path, edits)
2026-09-21 11:29:48 <- multi_edit (0.1s): Modified Memory (ModuleScript) with 1 edits applied
2026-09-21 14:51:56 ===== BRIDGE START  v1.5.5  pid=5056  log=C:\Users\robin\Downloads\ZeroScript-Free-1.5.5\ZeroScript-Free-1.5.5\logs\bridge_debug.log =====
2026-09-21 14:51:57 configured 1 MCP server(s): roblox
2026-09-21 14:51:57 listening on ws://127.0.0.1:17613  - load the extension and open a supported AI chat
2026-09-21 14:51:57 [roblox] launching  (C:\Users\robin\AppData\Local\Programs\Python\Python314\python.exe C:\Users\robin\Downloads\ZeroScript-Free-1.5.5\ZeroScript-Free-1.5.5\launch_studio_mcp.py)
2026-09-21 14:51:57 [roblox] stderr: launch_studio_mcp: using C:\Users\robin\AppData\Local\Roblox\Versions\version-55808de4b1914919\StudioMCP.exe
2026-09-21 14:51:57 [roblox] MCP server up  (28 tools advertised)
2026-09-21 14:52:00 ready 28 tools available - Roblox Studio connected
2026-09-21 14:52:01 extension connected  (127.0.0.1)  [1 client(s)]
2026-09-21 14:56:12 -> tool  list_roblox_studios()
2026-09-21 14:56:12 <- list_roblox_studios (0.0s): {"studios":[{"id":"7189e6c1-3bb0-42e9-946d-47863a42624a","name":"Dodge the Wall 
2026-09-21 14:56:17 -> tool  get_studio_state()
2026-09-21 14:56:17 <- get_studio_state (0.0s): - Current Studio Mode: Edit - Available DataModels: Edit - Focused DataModel in 
2026-09-21 14:56:21 -> tool  script_read(target_file)
2026-09-21 14:56:21 <- script_read (0.0s):      1→return [==[      2→# Project memory      3→## Overview      4→"Dodge the 
2026-09-21 14:56:41 -> tool  search_game_tree(datamodel_type, max_depth, head_limit)
2026-09-21 14:56:41 <- search_game_tree (0.0s): Note: Output limited to 250 nodes (results truncated)  [{"fullPath":"Place1","na
2026-09-21 15:09:45 -> tool  execute_luau(datamodel_type, code)
2026-09-21 15:09:46 <- execute_luau (0.1s): {"ok":true,"arena":9,"configClass":"ModuleScript","lobby":14}
2026-09-21 15:10:56 -> tool  execute_luau(datamodel_type, code)
2026-09-21 15:10:56 <- execute_luau (0.1s): {"ok":true,"remotes":13,"configs":3}
2026-09-21 15:11:04 -> tool  execute_luau(datamodel_type, code)
2026-09-21 15:11:04 <- execute_luau (0.1s): {"ok":true,"configs":6,"modules":2}
2026-09-21 15:11:16 -> tool  execute_luau(datamodel_type, code)
2026-09-21 15:11:16 <- execute_luau (0.1s): {"client":"Client","services":"Services"}
2026-09-21 15:11:26 -> tool  multi_edit(datamodel_type, className, file_path, edits)
2026-09-21 15:11:26 <- multi_edit (0.1s): Created DataService (ModuleScript) with 1 edits applied
2026-09-21 15:11:37 -> tool  multi_edit(datamodel_type, className, file_path, edits)
2026-09-21 15:11:37 <- multi_edit (0.1s): Created PlayerService (ModuleScript) with 1 edits applied
2026-09-21 15:12:31 -> tool  execute_luau(datamodel_type, code)
2026-09-21 15:12:31 <- execute_luau (0.1s): {"ok":true,"length":13416,"name":"WallService"}
2026-09-21 15:12:46 -> tool  execute_luau(datamodel_type, code)
2026-09-21 15:12:47 <- execute_luau (0.1s): {"ok":true,"length":12555}
2026-09-21 15:12:57 -> tool  execute_luau(datamodel_type, code)
2026-09-21 15:12:57 <- execute_luau (0.1s): {"ok":true,"length":7555}
2026-09-21 15:13:08 -> tool  execute_luau(datamodel_type, code)
2026-09-21 15:13:08 <- execute_luau (0.1s): {"ok":true,"services":8}
2026-09-21 15:13:16 -> tool  multi_edit(datamodel_type, className, file_path, edits)
2026-09-21 15:13:16 <- multi_edit (0.1s): Created ServerMain (Script) with 1 edits applied
2026-09-21 15:13:25 -> tool  execute_luau(datamodel_type, code)
2026-09-21 15:13:25 <- execute_luau (0.1s): {"ok":true,"length":2416}
2026-09-21 15:13:50 -> tool  execute_luau(datamodel_type, code)
2026-09-21 15:13:50 <- execute_luau (0.1s): {"ok":true,"length":18044}
2026-09-21 15:14:10 -> tool  execute_luau(datamodel_type, code)
2026-09-21 15:14:10 <- execute_luau (0.1s): {"ok":true,"length":18671}
2026-09-21 15:14:19 -> tool  execute_luau(datamodel_type, code)
2026-09-21 15:14:19 <- execute_luau (0.1s): {"ok":true,"audio":2901,"input":3116}
2026-09-21 15:14:28 -> tool  execute_luau(datamodel_type, code)
2026-09-21 15:14:28 <- execute_luau (0.1s): {"ok":true,"camera":1768,"effects":3157}
2026-09-21 15:14:35 -> tool  multi_edit(datamodel_type, className, file_path, edits)
2026-09-21 15:14:35 <- multi_edit (0.1s): Created ClientMain (LocalScript) with 1 edits applied
2026-09-21 15:14:43 -> tool  execute_luau(datamodel_type, code)
2026-09-21 15:14:43 <- execute_luau (0.1s): {"ok":true,"length":1420}
2026-09-21 15:14:47 -> tool  script_read(target_file, should_read_entire_file, start_line_one_indexed, end_line_one_indexed_inclusive)
2026-09-21 15:14:47 <- script_read (0.0s):     14→local LeaderboardService = require(services.LeaderboardService)     15→lo
2026-09-21 15:14:55 -> tool  multi_edit(datamodel_type, file_path, edits)
2026-09-21 15:14:55 <- multi_edit (0.1s): Modified ServerMain (Script) with 2 edits applied
2026-09-21 15:15:05 -> tool  multi_edit(datamodel_type, file_path, edits)
2026-09-21 15:15:05 <- multi_edit (0.1s): Modified Memory (ModuleScript) with 1 edits applied
2026-09-21 15:15:08 -> tool  start_stop_play(is_start)
2026-09-21 15:15:12 <- start_stop_play (3.7s): Game Started
2026-09-21 15:15:15 -> tool  get_console_output()
2026-09-21 15:15:15 <- get_console_output (0.0s): [ServerMain] Dodge the Wall server booted (Studio). cloud_98896107805157.GUIPres
2026-09-21 15:15:19 -> tool  start_stop_play(is_start)
2026-09-21 15:15:20 <- start_stop_play (1.0s): Game Stopped
2026-09-21 15:15:24 -> tool  multi_edit(datamodel_type, file_path, edits)
2026-09-21 15:15:25 <- multi_edit (0.1s): Modified UIBuilder (ModuleScript) with 1 edits applied
2026-09-21 15:15:29 -> tool  start_stop_play(is_start)
2026-09-21 15:15:32 <- start_stop_play (3.0s): Game Started
2026-09-21 15:15:34 -> tool  get_console_output()
2026-09-21 15:15:35 <- get_console_output (0.0s): [ServerMain] Dodge the Wall server booted (Studio). cloud_98896107805157.GUIPres
2026-09-21 15:15:38 -> tool  start_stop_play(is_start)
2026-09-21 15:15:39 <- start_stop_play (1.0s): Game Stopped
2026-09-21 15:15:44 -> tool  multi_edit(datamodel_type, file_path, edits)
2026-09-21 15:15:44 <- multi_edit (0.1s): Modified UIBuilder (ModuleScript) with 1 edits applied
2026-09-21 15:15:46 -> tool  multi_edit(datamodel_type, file_path, edits)
2026-09-21 15:15:46 <- multi_edit (0.0s): sabuiltin_Assistant.rbxm.Assistant.Packages._Index.AssistantUI.AssistantUI.Tools
2026-09-21 15:15:48 -> tool  multi_edit(datamodel_type, file_path, edits)
2026-09-21 15:15:48 <- multi_edit (0.0s): sabuiltin_Assistant.rbxm.Assistant.Packages._Index.AssistantUI.AssistantUI.Tools
2026-09-21 15:15:50 -> tool  multi_edit(datamodel_type, file_path, edits)
2026-09-21 15:15:50 <- multi_edit (0.0s): sabuiltin_Assistant.rbxm.Assistant.Packages._Index.AssistantUI.AssistantUI.Tools
2026-09-21 15:15:52 -> tool  multi_edit(datamodel_type, file_path, edits)
2026-09-21 15:15:52 <- multi_edit (0.0s): sabuiltin_Assistant.rbxm.Assistant.Packages._Index.AssistantUI.AssistantUI.Tools
2026-09-21 15:15:56 -> tool  script_read(target_file, should_read_entire_file, start_line_one_indexed, end_line_one_indexed_inclusive)
2026-09-21 15:15:56 <- script_read (0.0s):    313→		local l = label({ Size = UDim2.fromScale(1, 1), Text = text, TextColor3
2026-09-21 15:16:00 -> tool  script_read(target_file, should_read_entire_file, start_line_one_indexed, end_line_one_indexed_inclusive)
2026-09-21 15:16:00 <- script_read (0.0s):    322→	refs.RebirthRequired = infoLabel("Required", "Required Wins: 50", C.Text
2026-09-21 15:16:28 -> tool  start_stop_play(is_start)
2026-09-21 15:16:31 <- start_stop_play (3.2s): Game Started
2026-09-21 15:16:34 -> tool  get_console_output()
2026-09-21 15:16:34 <- get_console_output (0.0s): [ServerMain] Dodge the Wall server booted (Studio). cloud_98896107805157.GUIPres
2026-09-21 15:16:38 -> tool  execute_luau(datamodel_type, code)
2026-09-21 15:16:39 <- execute_luau (0.1s): {"players":1,"alive":0,"difficulty":"Easy","state":"WAITING_FOR_PLAYERS","timeLe
2026-09-21 15:16:45 -> tool  execute_luau(datamodel_type, code)
2026-09-21 15:16:45 <- execute_luau (0.1s): {"eligible":1,"players":{"RobinNoe171111":{"char":true,"hasRt":true,"loaded":tru
2026-09-21 15:16:52 -> tool  execute_luau(datamodel_type, code)
2026-09-21 15:16:55 <- execute_luau (2.6s): {"s1":"WAITING_FOR_PLAYERS","eligible":1,"s2":"WAITING_FOR_PLAYERS"}
2026-09-21 15:17:02 -> tool  get_console_output()
2026-09-21 15:17:02 <- get_console_output (0.0s): [ServerMain] Dodge the Wall server booted (Studio). cloud_98896107805157.GUIPres
2026-09-21 15:17:15 -> tool  execute_luau(datamodel_type, code)
2026-09-21 15:17:15 <- execute_luau (0.1s): {"min":1,"intermission":30,"state":"WAITING_FOR_PLAYERS","hasStart":"function","
2026-09-21 15:17:29 -> tool  start_stop_play(is_start)
2026-09-21 15:17:30 <- start_stop_play (1.0s): Game Stopped
2026-09-21 15:18:52 -> tool  multi_edit(datamodel_type, file_path, edits)
2026-09-21 15:18:52 <- multi_edit (0.1s): Modified GameConfig (ModuleScript) with 1 edits applied
2026-09-21 15:18:58 -> tool  start_stop_play(is_start)
2026-09-21 15:19:02 <- start_stop_play (3.4s): Game Started
2026-09-21 15:19:09 -> tool  get_console_output()
2026-09-21 15:19:09 <- get_console_output (0.0s): [ServerMain] Dodge the Wall server booted (Studio). cloud_98896107805157.GUIPres
2026-09-21 15:19:15 -> tool  execute_luau(datamodel_type, code)
2026-09-21 15:19:30 <- execute_luau (15.1s)  [SLOW]: {"state":"WAITING_FOR_PLAYERS","alive":0,"time":0}
2026-09-21 15:19:38 -> tool  get_console_output()
2026-09-21 15:19:38 <- get_console_output (0.0s): [ServerMain] Dodge the Wall server booted (Studio). cloud_98896107805157.GUIPres
2026-09-21 15:19:51 -> tool  execute_luau(datamodel_type, code)
2026-09-21 15:19:59 <- execute_luau (8.2s)  [SLOW]: {"1":"WAITING_FOR_PLAYERS:0:1","8":"WAITING_FOR_PLAYERS:0:1","3":"WAITING_FOR_PL
2026-09-21 15:20:09 -> tool  get_console_output()
2026-09-21 15:20:09 <- get_console_output (0.0s): [ServerMain] Dodge the Wall server booted (Studio). cloud_98896107805157.GUIPres
2026-09-21 15:20:16 -> tool  start_stop_play(is_start)
2026-09-21 15:20:17 <- start_stop_play (1.0s): Game Stopped
2026-09-21 15:20:21 -> tool  script_read(target_file, should_read_entire_file, start_line_one_indexed, end_line_one_indexed_inclusive)
2026-09-21 15:20:21 <- script_read (0.0s):    340→		currentTime = GameConfig.IntermissionTime    341→		while currentTime > 
2026-09-21 15:20:37 -> tool  script_read(target_file, should_read_entire_file, start_line_one_indexed, end_line_one_indexed_inclusive)
2026-09-21 15:20:37 <- script_read (0.0s):    386→			broadcast()    387→			if not tick(1) then break end    388→		end    38
2026-09-21 15:20:42 -> tool  multi_edit(datamodel_type, file_path, edits)
2026-09-21 15:20:42 <- multi_edit (0.2s): Modified RoundService (ModuleScript) with 1 edits applied
2026-09-21 15:20:46 -> tool  search_asset(query, assetType, scope, maxResults, audioMinDuration)
2026-09-21 15:20:46 <- search_asset (0.2s): {"scope":"creator_store","nextSteps":["Review the results and choose the best as
2026-09-21 15:20:52 -> tool  search_asset(assetType, audioMaxDuration, maxResults, query, scope)
2026-09-21 15:20:52 <- search_asset (0.2s): {"scope":"creator_store","nextSteps":["Review the results and choose the best as
2026-09-21 15:20:57 -> tool  search_asset(assetType, audioMinDuration, maxResults, query, scope)
2026-09-21 15:20:57 <- search_asset (0.3s): {"scope":"creator_store","nextSteps":["Review the results and choose the best as
2026-09-21 15:21:03 -> tool  multi_edit(datamodel_type, file_path, edits)
2026-09-21 15:21:03 <- multi_edit (0.1s): Modified AudioConfig (ModuleScript) with 1 edits applied
2026-09-21 15:21:07 -> tool  start_stop_play(is_start)
2026-09-21 15:21:10 <- start_stop_play (3.3s): Game Started
2026-09-21 15:21:14 -> tool  execute_luau(datamodel_type, code)
2026-09-21 15:21:34 <- execute_luau (20.0s)  [SLOW]: No response from server 'roblox' after 20.0s.
2026-09-21 15:21:38 -> tool  get_console_output()
2026-09-21 15:21:38 <- get_console_output (0.0s): [ServerMain] Dodge the Wall server booted (Studio). cloud_98896107805157.GUIPres
2026-09-21 15:21:42 -> tool  execute_luau(datamodel_type, code)
2026-09-21 15:21:47 <- execute_luau (5.1s)  [SLOW]: {"alive":0,"t":0,"s":"WAITING_FOR_PLAYERS","walls":0}
2026-09-21 15:21:51 -> tool  execute_luau(datamodel_type, code)
2026-09-21 15:22:00 <- execute_luau (8.1s)  [SLOW]: {"1":"WAITING_FOR_PLAYERS|1|0","3":"WAITING_FOR_PLAYERS|1|0","2":"WAITING_FOR_PL
2026-09-21 15:22:09 -> tool  get_console_output()
2026-09-21 15:22:09 <- get_console_output (0.0s): [ServerMain] Dodge the Wall server booted (Studio). cloud_98896107805157.GUIPres
2026-09-21 15:22:16 -> tool  start_stop_play(is_start)
2026-09-21 15:22:17 <- start_stop_play (1.0s): Game Stopped
2026-09-21 15:22:23 -> tool  multi_edit(datamodel_type, file_path, edits)
2026-09-21 15:22:23 <- multi_edit (0.1s): Modified GameConfig (ModuleScript) with 1 edits applied
2026-09-21 15:22:30 -> tool  multi_edit(datamodel_type, file_path, edits)
2026-09-21 15:22:30 <- multi_edit (0.1s): Modified Memory (ModuleScript) with 1 edits applied
2026-09-21 15:30:30 -> tool  execute_luau(datamodel_type, code)
2026-09-21 15:30:30 <- execute_luau (0.1s): {"ok":true,"children":14,"name":"MainUI"}
2026-09-21 15:31:27 -> tool  execute_luau(datamodel_type, code)
2026-09-21 15:31:27 <- execute_luau (0.1s): {"ok":true,"children":8}
2026-09-21 15:31:46 -> tool  execute_luau(datamodel_type, code)
2026-09-21 15:31:46 <- execute_luau (0.1s): {"ok":true,"length":20304}
2026-09-21 15:31:50 -> tool  script_read(target_file, should_read_entire_file, start_line_one_indexed, end_line_one_indexed_inclusive)
2026-09-21 15:31:50 <- script_read (0.0s):      1→-- ClientMain      2→-- Boots the client modules, keeps them in sync with
2026-09-21 15:31:53 -> tool  multi_edit(datamodel_type, file_path, edits)
2026-09-21 15:31:54 <- multi_edit (0.1s): Modified ClientMain (LocalScript) with 1 edits applied
2026-09-21 15:31:58 -> tool  script_grep(query)
2026-09-21 15:31:58 <- script_grep (0.0s): Path: ReplicatedStorage.Modules.UIBuilder | Line: 1 | -- UIBuilder Path: Replica
2026-09-21 15:32:01 -> tool  execute_luau(datamodel_type, code)
2026-09-21 15:32:01 <- execute_luau (0.1s): {"removed":false,"modules":3}
2026-09-21 15:32:05 -> tool  execute_luau(datamodel_type, code)
2026-09-21 15:32:05 <- execute_luau (0.1s): {"1":"Signal","3":"ButtonFX","2":"Util"}
2026-09-21 15:32:09 -> tool  start_stop_play(is_start)
2026-09-21 15:32:12 <- start_stop_play (3.3s): Game Started
2026-09-21 15:32:16 -> tool  get_console_output()
2026-09-21 15:32:16 <- get_console_output (0.0s): [ServerMain] Dodge the Wall server booted (Studio). cloud_98896107805157.GUIPres
2026-09-21 15:32:19 -> tool  start_stop_play(is_start)
2026-09-21 15:32:20 <- start_stop_play (1.0s): Game Stopped
2026-09-21 15:32:24 -> tool  inspect_instance(path)
2026-09-21 15:32:24 <- inspect_instance (0.0s): {"path":"StarterGui.MainUI.BottomHUD","name":"BottomHUD","className":"Frame","at
2026-09-21 15:32:29 -> tool  execute_luau(datamodel_type, code)
2026-09-21 15:32:29 <- execute_luau (0.1s): {"1":"UICorner","3":"Stats","2":"UIStroke"}
2026-09-21 15:32:31 -> tool  execute_luau(datamodel_type, code)
2026-09-21 15:32:31 <- execute_luau (0.1s): {"1":"UICorner","3":"Stats","2":"UIStroke"}
2026-09-21 15:32:33 -> tool  execute_luau(datamodel_type, code)
2026-09-21 15:32:33 <- execute_luau (0.1s): {"1":"UICorner","3":"Stats","2":"UIStroke"}
2026-09-21 15:33:12 -> tool  execute_luau(datamodel_type, code)
2026-09-21 15:33:12 <- execute_luau (0.1s): {"1":"UICorner","3":"Stats","2":"UIStroke"}
2026-09-21 15:33:15 -> tool  search_game_tree(datamodel_type, path, max_depth, head_limit)
2026-09-21 15:33:15 <- search_game_tree (0.0s): [{"parentName":"StarterGui","fullPath":"StarterGui.MainUI","name":"MainUI","clas
2026-09-21 15:33:20 -> tool  multi_edit(datamodel_type, file_path, edits)
2026-09-21 15:33:20 <- multi_edit (0.2s): Modified UIController (ModuleScript) with 2 edits applied
2026-09-21 15:33:46 -> tool  start_stop_play(is_start)
2026-09-21 15:33:49 <- start_stop_play (3.3s): Game Started
2026-09-21 15:33:52 -> tool  get_console_output()
2026-09-21 15:33:52 <- get_console_output (0.0s): [ServerMain] Dodge the Wall server booted (Studio). cloud_98896107805157.GUIPres
2026-09-21 15:33:56 -> tool  execute_luau(datamodel_type, code)
2026-09-21 15:34:12 <- execute_luau (16.4s)  [SLOW]: {"18":"WAITING_FOR_PLAYERS|0|0","9":"WAITING_FOR_PLAYERS|0|0","1":"WAITING_FOR_P
2026-09-21 15:34:16 -> tool  get_console_output()
2026-09-21 15:34:16 <- get_console_output (0.0s): [ServerMain] Dodge the Wall server booted (Studio). cloud_98896107805157.GUIPres
2026-09-21 15:34:26 -> tool  execute_luau(datamodel_type, code)
2026-09-21 15:34:26 <- execute_luau (0.1s): {"p":{"state":"Lobby","part":false,"hasRt":true,"loaded":true},"count":1,"eligib
2026-09-21 15:34:42 -> tool  start_stop_play(is_start)
2026-09-21 15:34:43 <- start_stop_play (1.0s): Game Stopped
2026-09-21 15:34:52 -> tool  multi_edit(datamodel_type, file_path, edits)
2026-09-21 15:34:52 <- multi_edit (0.1s): Modified GameConfig (ModuleScript) with 1 edits applied
2026-09-21 15:35:01 -> tool  start_stop_play(is_start)
2026-09-21 15:35:04 <- start_stop_play (3.5s): Game Started
2026-09-21 15:35:07 -> tool  execute_luau(datamodel_type, code)
2026-09-21 15:35:10 <- execute_luau (3.1s): {"ok":true}
2026-09-21 15:35:13 -> tool  get_console_output()
2026-09-21 15:35:13 <- get_console_output (0.0s): [ServerMain] Dodge the Wall server booted (Studio). cloud_98896107805157.GUIPres
2026-09-21 15:35:21 -> tool  execute_luau(datamodel_type, code)
2026-09-21 15:35:40 <- execute_luau (18.1s)  [SLOW]: {"ok":true}
2026-09-21 15:36:18 -> tool  get_console_output()
2026-09-21 15:36:18 <- get_console_output (0.0s): [ServerMain] Dodge the Wall server booted (Studio). cloud_98896107805157.GUIPres
2026-09-21 15:36:22 -> tool  start_stop_play(is_start)
2026-09-21 15:36:23 <- start_stop_play (1.1s): Game Stopped
2026-09-21 15:36:26 -> tool  multi_edit(datamodel_type, file_path, edits)
2026-09-21 15:36:27 <- multi_edit (0.1s): Modified GameConfig (ModuleScript) with 1 edits applied
2026-09-21 15:36:31 -> tool  multi_edit(datamodel_type, file_path, edits)
2026-09-21 15:36:32 <- multi_edit (0.1s): Modified Memory (ModuleScript) with 3 edits applied
2026-09-21 15:37:59 -> tool  multi_edit(datamodel_type, file_path, edits)
2026-09-21 15:37:59 <- multi_edit (0.1s): Modified UIConfig (ModuleScript) with 1 edits applied
2026-09-21 15:38:13 -> tool  execute_luau(datamodel_type, code)
2026-09-21 15:38:13 <- execute_luau (0.1s): sabuiltin_Assistant.rbxm.Assistant.Packages._Index.AssistantUI.AssistantUI.Tools
2026-09-21 15:38:22 -> tool  execute_luau(datamodel_type, code)
2026-09-21 15:38:22 <- execute_luau (0.1s): {"hasGreen":true,"hasPanelBody":false,"hasPurple":true,"hasOutline":false,"hasGo
2026-09-21 15:38:26 -> tool  script_read(target_file, should_read_entire_file, start_line_one_indexed, end_line_one_indexed_inclusive)
2026-09-21 15:38:26 <- script_read (0.0s):      1→-- UIConfig: shared UI constants, colours and animation timings.      2→l
2026-09-21 15:38:53 -> tool  execute_luau(datamodel_type, code)
2026-09-21 15:38:53 <- execute_luau (0.0s): sabuiltin_Assistant.rbxm.Assistant.Packages._Index.AssistantUI.AssistantUI.Tools
2026-09-21 15:39:12 -> tool  execute_luau(datamodel_type, code)
2026-09-21 15:39:12 <- execute_luau (0.1s): sabuiltin_Assistant.rbxm.Assistant.Packages._Index.AssistantUI.AssistantUI.Tools
2026-09-21 15:40:49 -> tool  execute_luau(datamodel_type, code)
2026-09-21 15:40:49 <- execute_luau (0.1s): {"ok":true,"children":14}
2026-09-21 15:43:07 -> tool  multi_edit(datamodel_type, file_path, edits)
2026-09-21 15:43:07 <- multi_edit (0.1s): Modified UIController (ModuleScript) with 2 edits applied
2026-09-21 15:44:40 -> tool  multi_edit(datamodel_type, file_path, edits)
2026-09-21 15:44:40 <- multi_edit (0.1s): Modified UIController (ModuleScript) with 1 edits applied
2026-09-21 15:47:15 -> tool  start_stop_play(is_start)
2026-09-21 15:47:18 <- start_stop_play (3.2s): Game Started
2026-09-21 15:56:52 -> tool  execute_luau(datamodel_type, code)
2026-09-21 15:56:52 <- execute_luau (0.1s): {"ok":true,"length":2608}
2026-09-21 15:57:04 -> tool  execute_luau(datamodel_type, code)
2026-09-21 15:57:04 <- execute_luau (0.1s): {"ok":true,"length":10214}
2026-09-21 15:57:09 -> tool  multi_edit(datamodel_type, file_path, edits)
2026-09-21 15:57:09 <- multi_edit (0.1s): Modified WallService (ModuleScript) with 4 edits applied
2026-09-21 15:57:17 -> tool  execute_luau(datamodel_type, code)
2026-09-21 15:57:17 <- execute_luau (0.1s): {"ok":true,"cards":8}
2026-09-21 15:57:22 -> tool  execute_luau(datamodel_type, code)
2026-09-21 15:57:22 <- execute_luau (0.1s): {"order":3,"first":"SpeedBoost"}
2026-09-21 15:57:26 -> tool  script_read(target_file, should_read_entire_file, start_line_one_indexed, end_line_one_indexed_inclusive)
2026-09-21 15:57:26 <- script_read (0.0s):     20→     21→PowerConfig.Order = {     22→	"SpeedBoost", "DoubleJump", "HighJu
2026-09-21 15:57:32 -> tool  execute_luau(datamodel_type, code)
2026-09-21 15:57:32 <- execute_luau (0.1s): {"count":8,"names":{"1":"CrateCard","8":"UIListLayout","3":"Inv_DoubleJump","2":
2026-09-21 15:57:40 -> tool  execute_luau(datamodel_type, code)
2026-09-21 15:57:40 <- execute_luau (0.1s): {"count":26,"names":{"26":"UIListLayout","25":"TinyMode","24":"TimeStop","23":"T
2026-09-21 15:57:46 -> tool  execute_luau(datamodel_type, code)
2026-09-21 15:57:46 <- execute_luau (0.1s): {"ok":true}
2026-09-21 15:57:51 -> tool  start_stop_play(is_start)
2026-09-21 15:57:54 <- start_stop_play (3.4s): Game Started
2026-09-21 15:57:58 -> tool  get_console_output()
2026-09-21 15:57:58 <- get_console_output (0.0s): [ServerMain] Dodge the Wall server booted (Studio). cloud_98896107805157.GUIPres
2026-09-21 15:58:04 -> tool  execute_luau(datamodel_type, code)
2026-09-21 15:58:04 <- execute_luau (0.1s): {"sample":{"Sprint":11,"Teleport":2,"GhostWalk":1,"TinyMode":5,"HighJump":3,"Spe
2026-09-21 15:58:09 -> tool  execute_luau(datamodel_type, code)
2026-09-21 15:58:09 <- execute_luau (0.2s): {"count":12,"missing":[]}
2026-09-21 15:58:13 -> tool  start_stop_play(is_start)
2026-09-21 15:58:14 <- start_stop_play (1.0s): Game Stopped
2026-09-21 15:58:18 -> tool  multi_edit(datamodel_type, file_path, edits)
2026-09-21 15:58:19 <- multi_edit (0.1s): Modified Memory (ModuleScript) with 1 edits applied
2026-09-21 15:58:21 -> tool  multi_edit(datamodel_type, file_path, edits)
2026-09-21 15:58:21 <- multi_edit (0.0s): sabuiltin_Assistant.rbxm.Assistant.Packages._Index.AssistantUI.AssistantUI.Tools
2026-09-21 15:58:23 -> tool  multi_edit(datamodel_type, file_path, edits)
2026-09-21 15:58:23 <- multi_edit (0.0s): sabuiltin_Assistant.rbxm.Assistant.Packages._Index.AssistantUI.AssistantUI.Tools
2026-09-21 15:58:26 -> tool  script_read(target_file, should_read_entire_file)
2026-09-21 15:58:26 <- script_read (0.0s):      1→return [==[      2→# Project memory      3→## Overview      4→"Dodge the 
2026-09-21 15:58:31 -> tool  multi_edit(datamodel_type, file_path, edits)
2026-09-21 15:58:31 <- multi_edit (0.1s): Modified Memory (ModuleScript) with 1 edits applied
2026-09-21 15:58:37 -> tool  start_stop_play(is_start)
2026-09-21 15:58:40 <- start_stop_play (3.3s): Game Started
2026-09-21 15:58:44 -> tool  get_console_output()
2026-09-21 15:58:44 <- get_console_output (0.0s): [ServerMain] Dodge the Wall server booted (Studio). cloud_98896107805157.GUIPres
2026-09-21 15:58:48 -> tool  start_stop_play(is_start)
2026-09-21 15:58:49 <- start_stop_play (1.0s): Game Stopped
2026-09-21 16:48:36 -> tool  execute_luau(datamodel_type, code)
2026-09-21 16:48:36 <- execute_luau (0.1s): {"skins":4,"ok":true,"walls":3}
2026-09-21 16:48:42 -> tool  execute_luau(datamodel_type, code)
2026-09-21 16:48:42 <- execute_luau (0.1s): {"ok":true,"length":2435}
2026-09-21 16:49:03 -> tool  execute_luau(datamodel_type, code)
2026-09-21 16:49:03 <- execute_luau (0.1s): {"ok":true,"length":16306}
2026-09-21 16:49:07 -> tool  start_stop_play(is_start)
2026-09-21 16:49:11 <- start_stop_play (3.6s): Game Started
2026-09-21 16:49:15 -> tool  execute_luau(datamodel_type, code)
2026-09-21 16:49:17 <- execute_luau (2.1s): {"running":false,"reloadOk":true}
2026-09-21 16:49:20 -> tool  get_console_output()
2026-09-21 16:49:20 <- get_console_output (0.0s): [ServerMain] Dodge the Wall server booted (Studio). cloud_98896107805157.GUIPres
2026-09-21 16:49:25 -> tool  execute_luau(datamodel_type, code)
2026-09-21 16:49:41 <- execute_luau (16.1s)  [SLOW]: {"ok":true}
2026-09-21 16:49:45 -> tool  get_console_output()
2026-09-21 16:49:45 <- get_console_output (0.0s): [ServerMain] Dodge the Wall server booted (Studio). cloud_98896107805157.GUIPres
2026-09-21 16:49:50 -> tool  execute_luau(datamodel_type, code)
2026-09-21 16:49:53 <- execute_luau (3.1s): {"sampleName":"Wall_FullWall","wallsSpawned":1,"sampleColor":"1, 0.360784, 0.360
2026-09-21 16:49:57 -> tool  start_stop_play(is_start)
2026-09-21 16:49:58 <- start_stop_play (1.0s): Game Stopped
2026-09-21 16:50:03 -> tool  multi_edit(datamodel_type, file_path, edits)
2026-09-21 16:50:03 <- multi_edit (0.1s): Modified Memory (ModuleScript) with 2 edits applied
2026-09-21 16:53:13 -> tool  start_stop_play(is_start)
2026-09-21 16:53:14 <- start_stop_play (1.1s): Game Started
2026-09-21 16:53:18 -> tool  get_console_output()
2026-09-21 16:53:18 <- get_console_output (0.0s): [{"type": "text", "text": ""}]
2026-09-21 16:53:22 -> tool  execute_luau(datamodel_type, code)
2026-09-21 16:53:28 <- execute_luau (6.1s)  [SLOW]: {"ok":true}
2026-09-21 16:53:32 -> tool  get_console_output()
2026-09-21 16:53:32 <- get_console_output (0.0s): [{"type": "text", "text": ""}]
2026-09-21 16:53:37 -> tool  execute_luau(datamodel_type, code)
2026-09-21 16:53:37 <- execute_luau (0.1s): {"state":"WAITING_FOR_PLAYERS","time":0,"char":true,"players":1,"pos":"1.1757992
2026-09-21 16:53:41 -> tool  screen_capture(capture_id, camera_position, look_at_position)
2026-09-21 16:53:42 <- screen_capture (1.3s): 
2026-09-21 16:54:22 -> tool  execute_luau(datamodel_type, code)
2026-09-21 16:54:23 <- execute_luau (0.1s): {"playerState":"Enum.HumanoidStateType.Running","playerPos":"1,26,169","partCoun
2026-09-21 16:54:39 -> tool  execute_luau(datamodel_type, code)
2026-09-21 16:54:40 <- execute_luau (0.1s): {"lobbyChildren":{"23":"  iw:wall transp=1 visible=false","22":"  iw:Wedge trans
2026-09-21 16:55:32 -> tool  start_stop_play(is_start)
2026-09-21 16:55:33 <- start_stop_play (1.0s): Game Stopped
2026-09-21 16:55:37 -> tool  script_read(target_file, should_read_entire_file)
2026-09-21 16:55:37 <- script_read (0.0s):      1→-- CameraController      2→-- Spectator camera. Follows the watched alive
2026-09-21 16:55:42 -> tool  script_read(target_file, should_read_entire_file)
2026-09-21 16:55:42 <- script_read (0.0s):      1→-- ClientMain      2→-- Boots the client modules, keeps them in sync with
2026-09-21 16:56:00 -> tool  multi_edit(datamodel_type, file_path, edits)
2026-09-21 16:56:00 <- multi_edit (0.1s): Modified CameraController (ModuleScript) with 1 edits applied
2026-09-21 16:56:07 -> tool  multi_edit(datamodel_type, file_path, edits)
2026-09-21 16:56:07 <- multi_edit (0.0s): Modified ClientMain (LocalScript) with 1 edits applied
2026-09-21 16:56:18 -> tool  multi_edit(datamodel_type, file_path, edits)
2026-09-21 16:56:18 <- multi_edit (0.0s): Modified ClientMain (LocalScript) with 2 edits applied
2026-09-21 16:56:24 -> tool  multi_edit(datamodel_type, file_path, edits)
2026-09-21 16:56:24 <- multi_edit (0.1s): Modified ClientMain (LocalScript) with 1 edits applied
2026-09-21 16:56:29 -> tool  start_stop_play(is_start)
2026-09-21 16:56:32 <- start_stop_play (3.4s): Game Started
2026-09-21 16:56:36 -> tool  execute_luau(datamodel_type, code)
2026-09-21 16:56:56 <- execute_luau (20.0s)  [SLOW]: No response from server 'roblox' after 20.0s.
2026-09-21 16:57:00 -> tool  execute_luau(datamodel_type, code)
2026-09-21 16:57:00 <- execute_luau (0.1s): {"subject":"Humanoid","camType":"Enum.CameraType.Custom"}
2026-09-21 16:57:04 -> tool  start_stop_play(is_start)
2026-09-21 16:57:05 <- start_stop_play (1.1s): Game Stopped
2026-09-21 16:57:10 -> tool  multi_edit(datamodel_type, file_path, edits)
2026-09-21 16:57:10 <- multi_edit (0.1s): Modified Memory (ModuleScript) with 1 edits applied
2026-09-21 17:02:34 -> tool  execute_luau(datamodel_type, code)
2026-09-21 17:02:34 <- execute_luau (0.1s): {"spawns":{"1":"Workspace.Lobby.SpawnLocation @ 0,23,166"},"lobbySpawn":"0, 4, 4
2026-09-21 17:02:41 -> tool  script_read(target_file, should_read_entire_file, start_line_one_indexed, end_line_one_indexed_inclusive)
2026-09-21 17:02:41 <- script_read (0.0s):    128→    129→local function teleportToLobby(player)    130→	local character = 
2026-09-21 17:02:46 -> tool  script_grep(query)
2026-09-21 17:02:46 <- script_grep (0.0s): Path: ReplicatedStorage.Config.GameConfig | Line: 15 | GameConfig.LobbySpawn = V
2026-09-21 17:02:50 -> tool  script_read(target_file, should_read_entire_file, start_line_one_indexed, end_line_one_indexed_inclusive)
2026-09-21 17:02:50 <- script_read (0.0s):    125→---------------------------------------------------------------    126→--
2026-09-21 17:02:56 -> tool  multi_edit(datamodel_type, file_path, edits)
2026-09-21 17:02:56 <- multi_edit (0.1s): Modified RoundService (ModuleScript) with 1 edits applied
2026-09-21 17:03:00 -> tool  script_read(target_file, should_read_entire_file, start_line_one_indexed, end_line_one_indexed_inclusive)
2026-09-21 17:03:00 <- script_read (0.0s):    380→			local character = player.Character    381→			if not character or not c
2026-09-21 17:03:08 -> tool  script_read(target_file, should_read_entire_file, start_line_one_indexed, end_line_one_indexed_inclusive)
2026-09-21 17:03:08 <- script_read (0.0s):    425→				break    426→			end    427→    428→			RoundService.CountdownTick:Fire
2026-09-21 17:03:12 -> tool  script_read(target_file, should_read_entire_file, start_line_one_indexed, end_line_one_indexed_inclusive)
2026-09-21 17:03:12 <- script_read (0.0s):    446→		-- ROUND_ENDING -> rewards    447→		local winners = awardWinners()    4
2026-09-21 17:03:16 -> tool  multi_edit(datamodel_type, file_path, edits)
2026-09-21 17:03:16 <- multi_edit (0.1s): Modified RoundService (ModuleScript) with 1 edits applied
2026-09-21 17:03:18 -> tool  multi_edit(datamodel_type, file_path, edits)
2026-09-21 17:03:18 <- multi_edit (0.0s): sabuiltin_Assistant.rbxm.Assistant.Packages._Index.AssistantUI.AssistantUI.Tools
2026-09-21 17:03:20 -> tool  multi_edit(datamodel_type, file_path, edits)
2026-09-21 17:03:20 <- multi_edit (0.0s): sabuiltin_Assistant.rbxm.Assistant.Packages._Index.AssistantUI.AssistantUI.Tools
2026-09-21 17:03:22 -> tool  multi_edit(datamodel_type, file_path, edits)
2026-09-21 17:03:22 <- multi_edit (0.0s): sabuiltin_Assistant.rbxm.Assistant.Packages._Index.AssistantUI.AssistantUI.Tools
2026-09-21 17:03:24 -> tool  multi_edit(datamodel_type, file_path, edits)
2026-09-21 17:03:24 <- multi_edit (0.0s): sabuiltin_Assistant.rbxm.Assistant.Packages._Index.AssistantUI.AssistantUI.Tools
2026-09-21 17:03:26 -> tool  multi_edit(datamodel_type, file_path, edits)
2026-09-21 17:03:26 <- multi_edit (0.0s): sabuiltin_Assistant.rbxm.Assistant.Packages._Index.AssistantUI.AssistantUI.Tools
2026-09-21 17:03:28 -> tool  multi_edit(datamodel_type, file_path, edits)
2026-09-21 17:03:28 <- multi_edit (0.0s): sabuiltin_Assistant.rbxm.Assistant.Packages._Index.AssistantUI.AssistantUI.Tools
2026-09-21 17:03:33 -> tool  script_read(target_file, should_read_entire_file, start_line_one_indexed, end_line_one_indexed_inclusive)
2026-09-21 17:03:33 <- script_read (0.0s):    455→		local lobbyCF = getLobbyCFrame()    456→		for player in pairs(participa
2026-09-21 17:03:38 -> tool  start_stop_play(is_start)
2026-09-21 17:03:41 <- start_stop_play (3.4s): Game Started
2026-09-21 17:03:45 -> tool  execute_luau(datamodel_type, code)
2026-09-21 17:03:47 <- execute_luau (2.1s): {"state":"WAITING_FOR_PLAYERS","pos":"-2,26,168"}
2026-09-21 17:03:52 -> tool  execute_luau(datamodel_type, code)
2026-09-21 17:04:12 <- execute_luau (20.0s)  [SLOW]: No response from server 'roblox' after 20.0s.
2026-09-21 17:04:16 -> tool  execute_luau(datamodel_type, code)
2026-09-21 17:04:16 <- execute_luau (0.1s): {"state":"WAITING_FOR_PLAYERS","pos":"4,26,107"}
2026-09-21 17:04:23 -> tool  get_console_output()
2026-09-21 17:04:23 <- get_console_output (0.0s): [ServerMain] Dodge the Wall server booted (Studio). cloud_98896107805157.GUIPres
2026-09-21 17:04:31 -> tool  screen_capture(capture_id, camera_position, look_at_position)
2026-09-21 17:04:31 <- screen_capture (0.8s): 
2026-09-21 17:04:38 -> tool  start_stop_play(is_start)
2026-09-21 17:04:40 <- start_stop_play (1.0s): Game Stopped
2026-09-21 17:04:44 -> tool  multi_edit(datamodel_type, file_path, edits)
2026-09-21 17:04:45 <- multi_edit (0.2s): Modified Memory (ModuleScript) with 1 edits applied
2026-09-21 17:19:20 -> tool  script_read(target_file, should_read_entire_file)
2026-09-21 17:19:20 <- script_read (0.0s):      1→-- AudioConfig: sound ids and volumes.      2→-- Roblox stock audio ids, 
2026-09-21 17:19:24 -> tool  script_read(target_file, should_read_entire_file)
2026-09-21 17:19:24 <- script_read (0.0s):      1→-- AudioController      2→-- Central sound manager. Respects the player's
2026-09-21 17:19:31 -> tool  execute_luau(datamodel_type, code)
2026-09-21 17:19:31 <- execute_luau (0.1s): {"ok":true,"length":1251}
2026-09-21 17:19:39 -> tool  execute_luau(datamodel_type, code)
2026-09-21 17:19:39 <- execute_luau (0.1s): {"ok":true,"length":3672}
2026-09-21 17:19:44 -> tool  script_grep(query)
2026-09-21 17:19:44 <- script_grep (0.0s): Path: StarterPlayer.StarterPlayerScripts.Client.AudioController | Line: 55 | 			
2026-09-21 17:19:47 -> tool  start_stop_play(is_start)
2026-09-21 17:19:51 <- start_stop_play (3.4s): Game Started
2026-09-21 17:19:54 -> tool  get_console_output()
2026-09-21 17:19:54 <- get_console_output (0.0s): [ServerMain] Dodge the Wall server booted (Studio). cloud_98896107805157.GUIPres
2026-09-21 17:19:59 -> tool  execute_luau(datamodel_type, code)
2026-09-21 17:19:59 <- execute_luau (0.1s): {"tracks":{"1":"Round playing=false id=rbxassetid://74701686121581","3":"Victory
2026-09-21 17:20:04 -> tool  execute_luau(datamodel_type, code)
2026-09-21 17:20:04 <- execute_luau (0.1s): {"count":0,"playing":[]}
2026-09-21 17:20:09 -> tool  execute_luau(datamodel_type, code)
2026-09-21 17:20:10 <- execute_luau (0.1s): {"isPlaying":true,"hasLobby":true,"loaded":true,"timePos":3.904}
2026-09-21 17:20:12 -> tool  execute_luau(datamodel_type, code)
2026-09-21 17:20:12 <- execute_luau (0.1s): {"isPlaying":true,"hasLobby":true,"loaded":true,"timePos":5.973}
2026-09-21 17:20:14 -> tool  execute_luau(datamodel_type, code)
2026-09-21 17:20:15 <- execute_luau (1.1s): {"isPlaying":false,"timePos":0,"hasLobby":true,"loaded":true,"afterPlay":true}
2026-09-21 17:20:17 -> tool  execute_luau(datamodel_type, code)
2026-09-21 17:20:18 <- execute_luau (1.1s): {"isPlaying":false,"timePos":0,"hasLobby":true,"loaded":true,"afterPlay":true}
2026-09-21 17:20:28 -> tool  start_stop_play(is_start)
2026-09-21 17:20:29 <- start_stop_play (1.0s): Game Stopped
2026-09-21 17:20:39 -> tool  start_stop_play(is_start)
2026-09-21 17:20:42 <- start_stop_play (3.4s): Game Started
2026-09-21 17:27:49 -> tool  execute_luau(datamodel_type, code)
2026-09-21 17:27:49 <- execute_luau (0.0s): Client datamodel is not available in Edit mode
2026-09-21 17:27:53 -> tool  get_studio_state()
2026-09-21 17:27:53 <- get_studio_state (0.0s): - Current Studio Mode: Edit - Available DataModels: Edit - Focused DataModel in 
2026-09-21 17:28:00 -> tool  start_stop_play(is_start)
2026-09-21 17:28:03 <- start_stop_play (3.6s): Game Started
2026-09-21 17:28:21 -> tool  start_stop_play(is_start)
2026-09-21 17:28:22 <- start_stop_play (1.1s): Game Stopped
2026-09-21 17:28:27 -> tool  multi_edit(datamodel_type, file_path, edits)
2026-09-21 17:28:27 <- multi_edit (0.1s): Modified Memory (ModuleScript) with 1 edits applied
2026-09-21 18:28:52 -> tool  script_read(target_file, should_read_entire_file, start_line_one_indexed, end_line_one_indexed_inclusive)
2026-09-21 18:28:52 <- script_read (0.0s):     20→local currentMusic = nil -- Sound currently playing     21→local currentM
2026-09-21 18:28:58 -> tool  script_read(target_file, should_read_entire_file, start_line_one_indexed, end_line_one_indexed_inclusive)
2026-09-21 18:28:58 <- script_read (0.0s):     78→end     79→     80→function AudioController.playMusic(name, force)     81
2026-09-21 18:29:06 -> tool  start_stop_play(is_start)
2026-09-21 18:29:09 <- start_stop_play (3.4s): Game Started
2026-09-21 18:29:14 -> tool  execute_luau(datamodel_type, code)
2026-09-21 18:29:14 <- execute_luau (0.1s): {"sounds":{"1":"Countdown | rbxassetid://117751546358455 | vol=0.699999988079071
2026-09-21 18:29:26 -> tool  execute_luau(datamodel_type, code)
2026-09-21 18:29:26 <- execute_luau (0.1s): {"playOk":true,"oneShots":{"1":"ButtonHover_OneShot play=false","3":"ButtonClick
2026-09-21 18:29:43 -> tool  script_grep(query)
2026-09-21 18:29:43 <- script_grep (0.1s): Path: Players.RobinNoe171111.PlayerScripts.Client.UIController | Line: 348 | wir
2026-09-21 18:29:49 -> tool  script_grep(query)
2026-09-21 18:29:49 <- script_grep (0.1s): Path: Players.RobinNoe171111.PlayerScripts.ClientMain | Line: 90 | 		AudioContro
2026-09-21 18:29:56 -> tool  script_grep(query)
2026-09-21 18:29:56 <- script_grep (0.1s): No matches found for the given query.
2026-09-21 18:30:03 -> tool  script_read(target_file, should_read_entire_file, start_line_one_indexed, end_line_one_indexed_inclusive)
2026-09-21 18:30:04 <- script_read (0.0s):     40→	PressScale = 0.96,     41→}     42→     43→UIConfig.Settings = {     44→
2026-09-21 18:30:30 -> tool  execute_luau(datamodel_type, code)
2026-09-21 18:30:30 <- execute_luau (0.0s): sabuiltin_Assistant.rbxm.Assistant.Packages._Index.AssistantUI.AssistantUI.Tools
2026-09-21 18:30:36 -> tool  execute_luau(datamodel_type, code)
2026-09-21 18:30:36 <- execute_luau (0.4s): {"reverb":"Enum.ReverbType.NoReverb"}
2026-09-21 18:30:42 -> tool  execute_luau(datamodel_type, code)
2026-09-21 18:30:43 <- execute_luau (0.6s): {"foundSound":"none","maxLoudness":0,"timeLength":0}
2026-09-21 18:30:51 -> tool  execute_luau(datamodel_type, code)
2026-09-21 18:30:53 <- execute_luau (2.5s): {"loaded":true,"length":0.7275625,"maxLoudness":57.786708464846018,"vol":0.60000
2026-09-21 18:30:58 -> tool  script_read(target_file, should_read_entire_file, start_line_one_indexed, end_line_one_indexed_inclusive)
2026-09-21 18:30:58 <- script_read (0.0s):     46→     47→local function applyState(state)     48→	localState = state or lo
2026-09-21 18:31:05 -> tool  execute_luau(datamodel_type, code)
2026-09-21 18:31:10 <- execute_luau (4.9s): {"Countdown":{"length":1.01,"loud":78},"Rebirth":{"length":1.12,"loud":224},"Eli
2026-09-21 18:31:20 -> tool  execute_luau(datamodel_type, code)
2026-09-21 18:31:23 <- execute_luau (3.3s): {"B_139804904213958":{"loaded":true,"length":1.06,"loud":11},"A_87437544236708":
2026-09-21 18:31:29 -> tool  script_read(target_file, should_read_entire_file)
2026-09-21 18:31:29 <- script_read (0.0s):      1→-- AudioConfig: sound ids and volumes.      2→--      3→-- MUSIC: set the
2026-09-21 18:31:34 -> tool  search_asset(assetType, audioMaxDuration, maxResults, query, scope)
2026-09-21 18:31:34 <- search_asset (0.1s): {"scope":"creator_store","nextSteps":["Review the results and choose the best as
2026-09-21 18:31:39 -> tool  search_asset(assetType, audioMaxDuration, maxResults, query, scope)
2026-09-21 18:31:39 <- search_asset (0.2s): {"scope":"creator_store","nextSteps":["Review the results and choose the best as
2026-09-21 18:31:44 -> tool  execute_luau(datamodel_type, code)
2026-09-21 18:31:49 <- execute_luau (5.2s)  [SLOW]: {"A_138567614125924":{"loaded":true,"length":0.36,"loud":65},"D_139719503904449"
2026-09-21 18:31:54 -> tool  multi_edit(datamodel_type, file_path, edits)
2026-09-21 18:31:54 <- multi_edit (0.0s): Edit datamodel is not available in Play mode
2026-09-21 18:32:02 -> tool  start_stop_play(is_start)
2026-09-21 18:32:03 <- start_stop_play (1.0s): Game Stopped
2026-09-21 18:32:09 -> tool  multi_edit(datamodel_type, file_path, edits)
2026-09-21 18:32:09 <- multi_edit (0.0s): Modified AudioConfig (ModuleScript) with 1 edits applied
2026-09-21 18:32:13 -> tool  start_stop_play(is_start)
2026-09-21 18:32:17 <- start_stop_play (3.4s): Game Started
2026-09-21 18:32:22 -> tool  execute_luau(datamodel_type, code)
2026-09-21 18:32:24 <- execute_luau (1.6s): {"ButtonClick":0,"ButtonHover":0}
2026-09-21 18:32:29 -> tool  execute_luau(datamodel_type, code)
2026-09-21 18:32:30 <- execute_luau (1.1s): {"templateLoaded":true,"templateLen":0.888,"templateId":"rbxassetid://1402078376
2026-09-21 18:32:35 -> tool  execute_luau(datamodel_type, code)
2026-09-21 18:32:36 <- execute_luau (1.1s): {"clonePlaying":false,"loadedAfterWait":true,"cloneLoud":339,"loadedImmediately"
2026-09-21 18:32:44 -> tool  start_stop_play(is_start)
2026-09-21 18:32:45 <- start_stop_play (1.1s): Game Stopped
2026-09-21 18:36:13 -> tool  start_stop_play(is_start)
2026-09-21 18:36:14 <- start_stop_play (1.0s): Game Stopped
2026-09-21 18:36:20 -> tool  script_read(target_file, should_read_entire_file, start_line_one_indexed, end_line_one_indexed_inclusive)
2026-09-21 18:36:20 <- script_read (0.0s):     49→	for name, def in pairs(AudioConfig.Music or {}) do     50→		musicTracks[
2026-09-21 18:36:35 -> tool  execute_luau(datamodel_type, code)
2026-09-21 18:36:35 <- execute_luau (0.1s): {"ok":true,"length":4115}
2026-09-21 18:36:40 -> tool  start_stop_play(is_start)
2026-09-21 18:36:43 <- start_stop_play (3.4s): Game Started
2026-09-21 18:36:48 -> tool  execute_luau(datamodel_type, code)
2026-09-21 18:36:54 <- execute_luau (5.4s)  [SLOW]: {"pausedAt":5.803,"playingAfterOn":false,"playingAfterOff":true,"posAfterResume"
2026-09-21 18:37:01 -> tool  execute_luau(datamodel_type, code)
2026-09-21 18:37:05 <- execute_luau (3.5s): {"posWhileMuted":17.73,"posAfterResume":17.73,"playingAfterOn":false,"playingAft
2026-09-21 18:37:14 -> tool  execute_luau(datamodel_type, code)
2026-09-21 18:37:14 <- execute_luau (0.1s): {"folders":{"1":"Music (Folder) children=3","2":"SFX (Folder) children=15"},"tot
2026-09-21 18:37:21 -> tool  execute_luau(datamodel_type, code)
2026-09-21 18:37:25 <- execute_luau (4.7s): {"afterResume":2.46,"beforePause":2,"whilePaused":2,"preserved":true}
2026-09-21 18:37:30 -> tool  start_stop_play(is_start)
2026-09-21 18:37:31 <- start_stop_play (1.0s): Game Stopped
2026-09-21 18:38:15 -> tool  script_read(target_file, should_read_entire_file, start_line_one_indexed, end_line_one_indexed_inclusive)
2026-09-21 18:38:15 <- script_read (0.0s):    444→		if not tick(2) then continue end    445→    446→		-- ROUND_ENDING -> re
2026-09-21 18:38:23 -> tool  script_grep(query)
2026-09-21 18:38:23 <- script_grep (0.0s): Path: StarterPlayer.StarterPlayerScripts.Client.AudioController | Line: 119 | 		
2026-09-21 18:38:30 -> tool  start_stop_play(is_start)
2026-09-21 18:38:31 <- start_stop_play (1.1s): Game Stopped
2026-09-21 18:38:37 -> tool  multi_edit(datamodel_type, file_path, edits)
2026-09-21 18:38:37 <- multi_edit (0.0s): Modified AudioConfig (ModuleScript) with 1 edits applied
2026-09-21 18:38:42 -> tool  script_read(target_file, should_read_entire_file, start_line_one_indexed, end_line_one_indexed_inclusive)
2026-09-21 18:38:42 <- script_read (0.1s):     49→     50→	for name, def in pairs(AudioConfig.Music or {}) do     51→		musi
2026-09-21 18:38:50 -> tool  execute_luau(datamodel_type, code)
2026-09-21 18:38:50 <- execute_luau (0.1s): {"ok":true,"length":4115}
2026-09-21 18:38:55 -> tool  script_read(target_file, should_read_entire_file, start_line_one_indexed, end_line_one_indexed_inclusive)
2026-09-21 18:38:55 <- script_read (0.0s):     48→	sfxFolder.Parent = SoundService     49→     50→	for name, def in pairs(A
2026-09-21 18:39:00 -> tool  multi_edit(datamodel_type, file_path, edits)
2026-09-21 18:39:01 <- multi_edit (0.1s): Modified AudioController (ModuleScript) with 1 edits applied
2026-09-21 18:39:05 -> tool  start_stop_play(is_start)
2026-09-21 18:39:09 <- start_stop_play (3.5s): Game Started
2026-09-21 18:39:13 -> tool  execute_luau(datamodel_type, code)
2026-09-21 18:39:13 <- execute_luau (0.1s): {"1":"Round looped=true","3":"Victory looped=false","2":"Lobby looped=true"}
2026-09-21 18:39:18 -> tool  start_stop_play(is_start)
2026-09-21 18:39:19 <- start_stop_play (1.0s): Game Stopped
2026-09-21 18:39:25 -> tool  multi_edit(datamodel_type, file_path, edits)
2026-09-21 18:39:25 <- multi_edit (0.1s): Modified Memory (ModuleScript) with 1 edits applied
2026-09-21 18:42:44 -> tool  start_stop_play(is_start)
2026-09-21 18:42:47 <- start_stop_play (3.1s): Game Started
2026-09-21 18:42:52 -> tool  execute_luau(datamodel_type, code)
2026-09-21 18:42:53 <- execute_luau (0.1s): {"19":"RightLowerArm | class=MeshPart | transp=0.00 | size=0.8,0.9,0.9","18":"Ri
2026-09-21 18:43:14 -> tool  execute_luau(datamodel_type, code)
2026-09-21 18:43:14 <- execute_luau (0.1s): {"nearby":{"1":"Workspace.Lobby.SpawnLocation | SpawnLocation | size 14.0,1.0,14
2026-09-21 18:44:14 -> tool  execute_luau(datamodel_type, code)
2026-09-21 18:44:15 <- execute_luau (0.5s): {"stillVisible":{"1":"Workspace.Lobby.SpawnLocation | transp 0.25 | size 14.0,1.
2026-09-21 18:44:25 -> tool  execute_luau(datamodel_type, code)
2026-09-21 18:44:25 <- execute_luau (0.1s): {"19":"Workspace.RobinNoe171111.RightLowerArm | MeshPart | T=1.00 | LTM=0.00","1
2026-09-21 18:45:00 -> tool  execute_luau(datamodel_type, code)
2026-09-21 18:45:00 <- execute_luau (0.1s): {"other":[],"gui":[],"adornments":{"1":"Workspace.Lobby.Leaderboard.Board.BoardG
2026-09-21 18:45:07 -> tool  execute_luau(datamodel_type, code)
2026-09-21 18:45:07 <- execute_luau (0.1s): {"1":"Accessory: Meshes/ChainsawAccessory | handle=Handle | size=3.3,3.1,1.1 | m
2026-09-21 18:45:29 -> tool  execute_luau(datamodel_type, code)
2026-09-21 18:45:30 <- execute_luau (0.1s): {"count":1,"items":{"1":"Workspace.Arena.SpawnPoints.Spawn1 | Part | dist=3 | si
2026-09-21 18:45:40 -> tool  execute_luau(datamodel_type, code)
2026-09-21 18:45:40 <- execute_luau (0.0s): Client datamodel is not available in Edit mode
2026-09-21 18:46:12 -> tool  start_stop_play(is_start)
2026-09-21 18:46:15 <- start_stop_play (3.5s): Game Started
2026-09-21 18:46:40 -> tool  start_stop_play(is_start)
2026-09-21 18:46:41 <- start_stop_play (1.0s): Game Stopped
2026-09-21 18:47:10 -> tool  script_read(target_file, should_read_entire_file, start_line_one_indexed, end_line_one_indexed_inclusive)
2026-09-21 18:47:10 <- script_read (0.0s):    168→	end    169→end    170→    171→local function setTransparency(player, val
2026-09-21 18:47:16 -> tool  multi_edit(datamodel_type, file_path, edits)
2026-09-21 18:47:16 <- multi_edit (0.1s): Modified PowerService (ModuleScript) with 1 edits applied
2026-09-21 18:47:20 -> tool  script_grep(query)
2026-09-21 18:47:20 <- script_grep (0.0s): No matches found for the given query.
2026-09-21 18:47:24 -> tool  script_grep(query)
2026-09-21 18:47:24 <- script_grep (0.0s): Path: ServerScriptService.Services.PowerService | Line: 156 | local function set
2026-09-21 18:47:29 -> tool  script_read(target_file, should_read_entire_file, start_line_one_indexed, end_line_one_indexed_inclusive)
2026-09-21 18:47:29 <- script_read (0.0s):    216→    217→---------------------------------------------------------------  
2026-09-21 18:47:33 -> tool  script_read(target_file, should_read_entire_file, start_line_one_indexed, end_line_one_indexed_inclusive)
2026-09-21 18:47:33 <- script_read (0.0s):    250→	elseif powerId == "TinyMode" then    251→		applyScale(player, def.Scale,
2026-09-21 18:47:38 -> tool  multi_edit(datamodel_type, file_path, edits)
2026-09-21 18:47:38 <- multi_edit (0.1s): Modified PowerService (ModuleScript) with 3 edits applied
2026-09-21 18:47:43 -> tool  start_stop_play(is_start)
2026-09-21 18:47:46 <- start_stop_play (3.5s): Game Started
2026-09-21 18:54:42 -> tool  script_read(target_file, should_read_entire_file, start_line_one_indexed, end_line_one_indexed_inclusive)
2026-09-21 18:54:42 <- script_read (0.0s):     10→     11→-- Movement speed (studs per second)     12→WallConfig.BaseSpeed 
2026-09-21 18:54:48 -> tool  script_read(target_file, should_read_entire_file, start_line_one_indexed, end_line_one_indexed_inclusive)
2026-09-21 18:54:48 <- script_read (0.0s):    165→	specs[#specs + 1] = {    166→		name = "Cross", axis = "Z", sign = 1, spe
2026-09-21 18:57:33 -> tool  start_stop_play(is_start)
2026-09-21 18:57:34 <- start_stop_play (1.0s): Game Stopped
2026-09-21 18:57:44 -> tool  execute_luau(datamodel_type, code)
2026-09-21 18:57:44 <- execute_luau (0.1s): {"ok":true,"length":5344}
2026-09-21 18:57:49 -> tool  script_read(target_file, should_read_entire_file, start_line_one_indexed, end_line_one_indexed_inclusive)
2026-09-21 18:57:49 <- script_read (0.0s):     92→		boxes = gapBoxes(w, randomGapCenter(w), WallConfig.Colors.Wall),     93
2026-09-21 18:57:53 -> tool  script_read(target_file, should_read_entire_file, start_line_one_indexed, end_line_one_indexed_inclusive)
2026-09-21 18:57:54 <- script_read (0.0s):     55→	local rightStart = gapCenter + gapWidth * 0.5     56→	if leftEnd > -Wall
2026-09-21 18:57:59 -> tool  script_read(target_file, should_read_entire_file, start_line_one_indexed, end_line_one_indexed_inclusive)
2026-09-21 18:57:59 <- script_read (0.0s):    200→	if #pool == 0 then    201→		for _, p in ipairs(WallConfig.Patterns) do p
2026-09-21 18:58:18 -> tool  execute_luau(datamodel_type, code)
2026-09-21 18:58:18 <- execute_luau (0.1s): {"ok":true,"length":16496}
2026-09-21 18:58:22 -> tool  start_stop_play(is_start)
2026-09-21 18:58:25 <- start_stop_play (3.4s): Game Started
2026-09-21 18:58:30 -> tool  execute_luau(datamodel_type, code)
2026-09-21 18:58:30 <- execute_luau (0.1s): {"1":"Cross: tall=12 jump=5 thick=3 gap=13-17 skin=Alt","8":"SplitWall: tall=12 
2026-09-21 18:58:34 -> tool  execute_luau(datamodel_type, code)
2026-09-21 18:58:38 <- execute_luau (4.1s): {"active":0,"running":false}
2026-09-21 18:58:43 -> tool  execute_luau(datamodel_type, code)
2026-09-21 18:58:43 <- execute_luau (0.1s): {"state":"WAITING_FOR_PLAYERS","eligible":0}
2026-09-21 18:58:48 -> tool  execute_luau(datamodel_type, code)
2026-09-21 18:58:56 <- execute_luau (8.1s)  [SLOW]: {"state":"WAITING_FOR_PLAYERS","eligible":1,"walls":0}
2026-09-21 18:59:01 -> tool  get_console_output()
2026-09-21 18:59:01 <- get_console_output (0.0s): [ServerMain] Dodge the Wall server booted (Studio). [MultiPhotobooth] v2.18 Prev
2026-09-21 18:59:06 -> tool  execute_luau(datamodel_type, code)
2026-09-21 18:59:22 <- execute_luau (16.1s)  [SLOW]: {"ok":true}
2026-09-21 18:59:26 -> tool  get_console_output()
2026-09-21 18:59:26 <- get_console_output (0.0s): [ServerMain] Dodge the Wall server booted (Studio). [MultiPhotobooth] v2.18 Prev
2026-09-21 18:59:31 -> tool  execute_luau(datamodel_type, code)
2026-09-21 18:59:51 <- execute_luau (20.0s)  [SLOW]: No response from server 'roblox' after 20.0s.
2026-09-21 18:59:55 -> tool  execute_luau(datamodel_type, code)
2026-09-21 18:59:56 <- execute_luau (0.1s): {"count":0,"names":[]}
2026-09-21 19:00:00 -> tool  execute_luau(datamodel_type, code)
2026-09-21 19:00:00 <- execute_luau (0.1s): {"state":"WAITING_FOR_PLAYERS"}
2026-09-21 19:00:06 -> tool  execute_luau(datamodel_type, code)
2026-09-21 19:00:11 <- execute_luau (5.1s)  [SLOW]: {"ok":true}
2026-09-21 19:00:17 -> tool  execute_luau(datamodel_type, code)
2026-09-21 19:00:32 <- execute_luau (15.1s)  [SLOW]: {"count":0,"names":[]}
2026-09-21 19:00:40 -> tool  get_console_output()
2026-09-21 19:00:40 <- get_console_output (0.0s): [ServerMain] Dodge the Wall server booted (Studio). [MultiPhotobooth] v2.18 Prev
2026-09-21 19:00:45 -> tool  execute_luau(datamodel_type, code)
2026-09-21 19:01:05 <- execute_luau (19.1s)  [SLOW]: {"ok":true}
2026-09-21 19:01:09 -> tool  execute_luau(datamodel_type, code)
2026-09-21 19:01:09 <- execute_luau (0.1s): {"count":0,"names":[]}
2026-09-21 19:01:15 -> tool  execute_luau(datamodel_type, code)
2026-09-21 19:01:15 <- execute_luau (0.1s): {"players":1,"pos":"-40,3,-30"}
2026-09-21 19:01:21 -> tool  execute_luau(datamodel_type, code)
2026-09-21 19:01:26 <- execute_luau (5.0s)  [SLOW]: {"1":0,"3":0,"2":0,"5":0,"4":0,"7":0,"6":0,"9":0,"8":0,"12":0,"11":0,"10":0}
2026-09-21 19:01:31 -> tool  multi_edit(datamodel_type, file_path, edits)
2026-09-21 19:01:31 <- multi_edit (0.0s): Edit datamodel is not available in Play mode
2026-09-21 19:01:35 -> tool  get_console_output()
2026-09-21 19:01:35 <- get_console_output (0.0s): [ServerMain] Dodge the Wall server booted (Studio). [MultiPhotobooth] v2.18 Prev
2026-09-21 19:02:06 -> tool  start_stop_play(is_start)
2026-09-21 19:02:07 <- start_stop_play (1.0s): Game Stopped
2026-09-21 19:02:12 -> tool  multi_edit(datamodel_type, file_path, edits)
2026-09-21 19:02:12 <- multi_edit (0.1s): Modified Memory (ModuleScript) with 1 edits applied
2026-09-21 19:13:06 -> tool  script_read(target_file, should_read_entire_file, start_line_one_indexed, end_line_one_indexed_inclusive)
2026-09-21 19:13:06 <- script_read (0.0s):      1→-- PowerConfig: powers, rarities, crate economy.      2→local PowerConfig
2026-09-21 19:13:13 -> tool  multi_edit(datamodel_type, file_path, edits)
2026-09-21 19:13:14 <- multi_edit (0.1s): Modified PowerConfig (ModuleScript) with 1 edits applied
2026-09-21 19:13:21 -> tool  script_read(target_file, should_read_entire_file, start_line_one_indexed, end_line_one_indexed_inclusive)
2026-09-21 19:13:21 <- script_read (0.0s):    290→	WallService.stop()    291→end    292→    293→RoundService.endRound = end
2026-09-21 19:13:28 -> tool  execute_luau(datamodel_type, code)
2026-09-21 19:13:28 <- execute_luau (0.1s): {"ok":true,"has":true}
2026-09-21 19:13:33 -> tool  multi_edit(datamodel_type, file_path, edits)
2026-09-21 19:13:33 <- multi_edit (0.0s): sabuiltin_Assistant.rbxm.Assistant.Packages._Index.AssistantUI.AssistantUI.Tools
2026-09-21 19:13:38 -> tool  script_grep(query)
2026-09-21 19:13:38 <- script_grep (0.0s): Path: ReplicatedStorage.Config.WallConfig | Line: 48 | --   SpeedMultiplier (num
2026-09-21 19:13:42 -> tool  script_read(target_file, should_read_entire_file, start_line_one_indexed, end_line_one_indexed_inclusive)
2026-09-21 19:13:42 <- script_read (0.0s):     22→local activeWalls = {}     23→local pendingSpawns = {}     24→local runni
2026-09-21 19:13:46 -> tool  script_read(target_file, should_read_entire_file, start_line_one_indexed, end_line_one_indexed_inclusive)
2026-09-21 19:13:46 <- script_read (0.0s):     30→local speedMultiplier = 1     31→     32→local function getWallsFolder() 
2026-09-21 19:13:51 -> tool  script_read(target_file, should_read_entire_file, start_line_one_indexed, end_line_one_indexed_inclusive)
2026-09-21 19:13:51 <- script_read (0.0s):     30→local speedMultiplier = 1     31→     32→local function getWallsFolder() 
2026-09-21 19:13:56 -> tool  multi_edit(datamodel_type, file_path, edits)
2026-09-21 19:13:56 <- multi_edit (0.0s): sabuiltin_Assistant.rbxm.Assistant.Packages._Index.AssistantUI.AssistantUI.Tools
2026-09-21 19:14:01 -> tool  script_read(target_file, should_read_entire_file, start_line_one_indexed, end_line_one_indexed_inclusive)
2026-09-21 19:14:01 <- script_read (0.0s):    343→	-- Scheduled pattern spawn    344→	if elapsed >= nextSpawnAt then    345
2026-09-21 19:14:38 -> tool  execute_luau(datamodel_type, code)
2026-09-21 19:14:38 <- execute_luau (0.1s): {"decl":true,"move":true,"setter":true}
2026-09-21 19:14:42 -> tool  script_grep(query)
2026-09-21 19:14:42 <- script_grep (0.0s): No matches found for the given query.
2026-09-21 19:14:48 -> tool  script_read(target_file, should_read_entire_file, start_line_one_indexed, end_line_one_indexed_inclusive)
2026-09-21 19:14:48 <- script_read (0.0s):     28→local aliveProvider = nil     29→local wallsFolder = nil     30→local spe
2026-09-21 19:14:58 -> tool  script_grep(query)
2026-09-21 19:14:58 <- script_grep (0.0s): No matches found for the given query.
2026-09-21 19:15:03 -> tool  script_read(target_file, should_read_entire_file, start_line_one_indexed, end_line_one_indexed_inclusive)
2026-09-21 19:15:03 <- script_read (0.0s):    185→function WallService.getDifficultyName()    186→	local t = elapsed    187
2026-09-21 19:15:26 -> tool  execute_luau(datamodel_type, code)
2026-09-21 19:15:26 <- execute_luau (0.1s): {"ok":true,"length":16727}
2026-09-21 19:15:35 -> tool  execute_luau(datamodel_type, code)
2026-09-21 19:15:35 <- execute_luau (0.1s): {"ok":true,"length":2894}
2026-09-21 19:15:42 -> tool  execute_luau(datamodel_type, code)
2026-09-21 19:15:42 <- execute_luau (0.1s): {"ok":true,"usesDedicated":true}
2026-09-21 19:15:46 -> tool  script_read(target_file, should_read_entire_file, start_line_one_indexed, end_line_one_indexed_inclusive)
2026-09-21 19:15:46 <- script_read (0.0s):     10→local DataService = require(services.DataService)     11→local PlayerServ
2026-09-21 19:15:52 -> tool  multi_edit(datamodel_type, file_path, edits)
2026-09-21 19:15:52 <- multi_edit (0.1s): Modified ServerMain (Script) with 1 edits applied
2026-09-21 19:16:00 -> tool  execute_luau(datamodel_type, code)
2026-09-21 19:16:00 <- execute_luau (0.1s): {"ok":true,"exists":true}
2026-09-21 19:16:04 -> tool  script_grep(query)
2026-09-21 19:16:04 <- script_grep (0.0s): Path: StarterPlayer.StarterPlayerScripts.Client.UIController | Line: 249 | local
2026-09-21 19:16:09 -> tool  script_read(target_file, should_read_entire_file, start_line_one_indexed, end_line_one_indexed_inclusive)
2026-09-21 19:16:09 <- script_read (0.0s):    240→	if not equipped then refs.PowerButton.Visible = false return end    241→
2026-09-21 19:16:13 -> tool  script_read(target_file, should_read_entire_file, start_line_one_indexed, end_line_one_indexed_inclusive)
2026-09-21 19:16:13 <- script_read (0.0s):    300→			setCardVisible(child, child.Name == "CrateCard")    301→		end    302→	
2026-09-21 19:16:18 -> tool  script_read(target_file, should_read_entire_file, start_line_one_indexed, end_line_one_indexed_inclusive)
2026-09-21 19:16:18 <- script_read (0.0s):     24→local buyCrateRemote = remotes:WaitForChild("BuyCrate")     25→local equi
2026-09-21 19:16:23 -> tool  multi_edit(datamodel_type, file_path, edits)
2026-09-21 19:16:23 <- multi_edit (0.1s): Modified UIController (ModuleScript) with 1 edits applied
2026-09-21 19:16:29 -> tool  multi_edit(datamodel_type, file_path, edits)
2026-09-21 19:16:29 <- multi_edit (0.1s): Modified UIController (ModuleScript) with 2 edits applied
2026-09-21 19:16:33 -> tool  script_read(target_file, should_read_entire_file, start_line_one_indexed, end_line_one_indexed_inclusive)
2026-09-21 19:16:33 <- script_read (0.0s):    470→	if not info then return end    471→	if info.Target then    472→		refs.Sp
2026-09-21 19:16:39 -> tool  multi_edit(datamodel_type, file_path, edits)
2026-09-21 19:16:39 <- multi_edit (0.1s): Modified UIController (ModuleScript) with 1 edits applied
2026-09-21 19:16:44 -> tool  script_grep(query)
2026-09-21 19:16:44 <- script_grep (0.0s): Path: StarterPlayer.StarterPlayerScripts.Client.UIController | Line: 377 | local
2026-09-21 19:16:50 -> tool  start_stop_play(is_start)
2026-09-21 19:16:53 <- start_stop_play (3.3s): Game Started
2026-09-21 19:16:55 -> tool  start_stop_play(is_start)
2026-09-21 19:16:56 <- start_stop_play (1.4s): Game Started
2026-09-21 19:16:58 -> tool  start_stop_play(is_start)
2026-09-21 19:16:59 <- start_stop_play (1.0s): Game Started
2026-09-21 19:17:01 -> tool  start_stop_play(is_start)
2026-09-21 19:17:02 <- start_stop_play (1.0s): Game Started
2026-09-21 19:17:06 -> tool  get_console_output()
2026-09-21 19:17:06 <- get_console_output (0.0s): [{"type": "text", "text": ""}]
2026-09-21 19:17:11 -> tool  execute_luau(datamodel_type, code)
2026-09-21 19:17:15 <- execute_luau (4.1s): {"ok":true}
2026-09-21 19:17:19 -> tool  get_console_output()
2026-09-21 19:17:19 <- get_console_output (0.0s): [{"type": "text", "text": ""}]
2026-09-21 19:17:24 -> tool  execute_luau(datamodel_type, code)
2026-09-21 19:17:24 <- execute_luau (0.1s): {"loaded":true}
2026-09-21 19:17:29 -> tool  execute_luau(datamodel_type, code)
2026-09-21 19:17:29 <- execute_luau (0.0s): sabuiltin_Assistant.rbxm.Assistant.Packages._Index.AssistantUI.AssistantUI.Tools
2026-09-21 19:17:35 -> tool  get_console_output()
2026-09-21 19:17:35 <- get_console_output (0.0s): Fire is not a valid member of RemoteEvent "ReplicatedStorage.Remotes.BuyEasyMode
2026-09-21 19:17:40 -> tool  script_grep(query)
2026-09-21 19:17:40 <- script_grep (0.1s): No matches found for the given query.
2026-09-21 19:17:45 -> tool  script_read(target_file, should_read_entire_file, start_line_one_indexed, end_line_one_indexed_inclusive)
2026-09-21 19:17:45 <- script_read (0.0s): sabuiltin_Assistant.rbxm.Assistant.Packages._Index.AssistantUI.AssistantUI.Tools
2026-09-21 19:17:50 -> tool  start_stop_play(is_start)
2026-09-21 19:17:52 <- start_stop_play (1.0s): Game Stopped
2026-09-21 19:17:56 -> tool  execute_luau(datamodel_type, code)
2026-09-21 19:17:56 <- execute_luau (0.1s): {"count":10,"children":{"1":"DataService (ModuleScript)","3":"WallService (Modul
2026-09-21 19:17:58 -> tool  execute_luau(datamodel_type, code)
2026-09-21 19:17:58 <- execute_luau (0.1s): {"count":10,"children":{"1":"DataService (ModuleScript)","3":"WallService (Modul
2026-09-21 19:18:00 -> tool  execute_luau(datamodel_type, code)
2026-09-21 19:18:01 <- execute_luau (0.1s): {"count":10,"children":{"1":"DataService (ModuleScript)","3":"WallService (Modul
2026-09-21 19:18:03 -> tool  execute_luau(datamodel_type, code)
2026-09-21 19:18:03 <- execute_luau (0.1s): {"count":10,"children":{"1":"DataService (ModuleScript)","3":"WallService (Modul
2026-09-21 19:18:04 -> tool  execute_luau(datamodel_type, code)
2026-09-21 19:18:05 <- execute_luau (0.1s): {"count":10,"children":{"1":"DataService (ModuleScript)","3":"WallService (Modul
2026-09-21 19:18:10 -> tool  script_read(target_file, should_read_entire_file, start_line_one_indexed, end_line_one_indexed_inclusive)
2026-09-21 19:18:10 <- script_read (0.0s):     28→local aliveProvider = nil     29→local wallsFolder = nil     30→local spe
2026-09-21 19:18:30 -> tool  script_read(target_file, should_read_entire_file)
2026-09-21 19:18:30 <- script_read (0.0s):      1→-- WallService      2→-- Owns wall pattern generation, server-side moveme
2026-09-21 19:18:36 -> tool  script_read(target_file, should_read_entire_file)
2026-09-21 19:18:36 <- script_read (0.0s):      1→-- WallConfig: wall generation, movement and difficulty tuning.      2→--
2026-09-21 19:18:56 -> tool  execute_luau(datamodel_type, code)
2026-09-21 19:18:56 <- execute_luau (0.1s): {"ok":true,"length":16674}
2026-09-21 19:19:00 -> tool  script_read(target_file, should_read_entire_file, start_line_one_indexed, end_line_one_indexed_inclusive)
2026-09-21 19:19:00 <- script_read (0.0s):     28→local aliveProvider = nil     29→local wallsFolder = nil     30→local spe
2026-09-21 19:19:07 -> tool  execute_luau(datamodel_type, code)
2026-09-21 19:19:07 <- execute_luau (0.3s): {"len":16695,"hasMarker":true,"hasRoundSpeed":true,"hasGetPattern":true}
2026-09-21 19:19:12 -> tool  execute_luau(datamodel_type, code)
2026-09-21 19:19:12 <- execute_luau (0.1s): {"hasPattern":true,"removed":true}
2026-09-21 19:19:17 -> tool  execute_luau(datamodel_type, code)
2026-09-21 19:19:17 <- execute_luau (0.1s): {"len":2895,"hasSetRound":true,"hasEasyState":true,"hasBuy":true}
2026-09-21 19:19:21 -> tool  start_stop_play(is_start)
2026-09-21 19:19:25 <- start_stop_play (3.3s): Game Started
2026-09-21 19:19:29 -> tool  execute_luau(datamodel_type, code)
2026-09-21 19:19:34 <- execute_luau (5.1s)  [SLOW]: {"ok":true}
2026-09-21 19:19:38 -> tool  get_console_output()
2026-09-21 19:19:38 <- get_console_output (0.0s): [ServerMain] Dodge the Wall server booted (Studio). cloud_98896107805157.GUIPres
2026-09-21 19:19:44 -> tool  execute_luau(datamodel_type, code)
2026-09-21 19:19:44 <- execute_luau (0.1s): []
2026-09-21 19:19:49 -> tool  execute_luau(datamodel_type, code)
2026-09-21 19:19:49 <- execute_luau (0.1s): {"name":"RobinNoe171111","coins":100}
2026-09-21 19:19:55 -> tool  start_stop_play(is_start)
2026-09-21 19:19:56 <- start_stop_play (1.0s): Game Stopped
2026-09-21 19:20:01 -> tool  multi_edit(datamodel_type, file_path, edits)
2026-09-21 19:20:02 <- multi_edit (0.1s): Modified Memory (ModuleScript) with 1 edits applied
2026-09-21 19:21:05 -> tool  script_read(target_file, should_read_entire_file)
2026-09-21 19:21:05 <- script_read (0.0s):      1→-- GameConfig: central tunable values for the whole game.      2→local Ga
2026-09-21 19:21:11 -> tool  multi_edit(datamodel_type, file_path, edits)
2026-09-21 19:21:11 <- multi_edit (0.1s): Modified GameConfig (ModuleScript) with 1 edits applied
2026-09-21 19:21:17 -> tool  script_read(target_file, should_read_entire_file, start_line_one_indexed, end_line_one_indexed_inclusive)
2026-09-21 19:21:17 <- script_read (0.0s):     32→-- Data     33→GameConfig.DataStoreName = "DataCoin_v1"     34→GameConfig
2026-09-21 19:21:22 -> tool  script_grep(query)
2026-09-21 19:21:22 <- script_grep (0.0s): Path: ReplicatedStorage.Config.GameConfig | Line: 27 | GameConfig.DataStoreName 
2026-09-21 19:21:26 -> tool  start_stop_play(is_start)
2026-09-21 19:21:30 <- start_stop_play (3.3s): Game Started
2026-09-21 19:21:34 -> tool  execute_luau(datamodel_type, code)
2026-09-21 19:21:38 <- execute_luau (4.1s): {"ok":true}
2026-09-21 19:21:42 -> tool  get_console_output()
2026-09-21 19:21:42 <- get_console_output (0.0s): [ServerMain] Dodge the Wall server booted (Studio). cloud_98896107805157.GUIPres
2026-09-21 19:21:47 -> tool  start_stop_play(is_start)
2026-09-21 19:21:48 <- start_stop_play (1.0s): Game Stopped
2026-09-21 19:21:53 -> tool  multi_edit(datamodel_type, file_path, edits)
2026-09-21 19:21:53 <- multi_edit (0.1s): Modified Memory (ModuleScript) with 1 edits applied
2026-09-21 19:34:54 -> tool  execute_luau(datamodel_type, code)
2026-09-21 19:34:54 <- execute_luau (0.1s): sabuiltin_Assistant.rbxm.Assistant.Packages._Index.AssistantUI.AssistantUI.Tools
2026-09-21 19:35:04 -> tool  execute_luau(datamodel_type, code)
2026-09-21 19:35:04 <- execute_luau (0.1s): {"ok":true,"gui":"AdminUI"}
2026-09-21 19:35:20 -> tool  execute_luau(datamodel_type, code)
2026-09-21 19:35:20 <- execute_luau (0.1s): {"ok":true,"player":6,"round":4,"server":4}
2026-09-21 19:35:27 -> tool  script_grep(query)
2026-09-21 19:35:27 <- script_grep (0.1s): No matches found for the given query.
2026-09-21 19:35:33 -> tool  script_grep(query)
2026-09-21 19:35:33 <- script_grep (0.0s): Path: ServerScriptService.Services.RoundService | Line: 45 | function RoundServi
2026-09-21 19:35:38 -> tool  script_read(target_file, should_read_entire_file, start_line_one_indexed, end_line_one_indexed_inclusive)
2026-09-21 19:35:38 <- script_read (0.0s):    320→		while remaining > 0 do    321→			task.wait(0.1)    322→			if myGenerati
2026-09-21 19:35:43 -> tool  script_read(target_file, should_read_entire_file, start_line_one_indexed, end_line_one_indexed_inclusive)
2026-09-21 19:35:43 <- script_read (0.0s):     28→RoundService.StateChanged = Signal.new()     29→RoundService.CountdownTic
2026-09-21 19:35:49 -> tool  multi_edit(datamodel_type, file_path, edits)
2026-09-21 19:35:49 <- multi_edit (0.1s): Modified RoundService (ModuleScript) with 1 edits applied
2026-09-21 19:35:54 -> tool  multi_edit(datamodel_type, file_path, edits)
2026-09-21 19:35:54 <- multi_edit (0.1s): Modified RoundService (ModuleScript) with 1 edits applied
2026-09-21 19:35:59 -> tool  script_read(target_file, should_read_entire_file, start_line_one_indexed, end_line_one_indexed_inclusive)
2026-09-21 19:35:59 <- script_read (0.0s):    341→		participants = {}    342→		alive = {}    343→		spectatorOrder = {}    3
2026-09-21 19:36:12 -> tool  execute_luau(datamodel_type, code)
2026-09-21 19:36:12 <- execute_luau (0.1s): {"ok":true,"replaced":true}
2026-09-21 19:36:17 -> tool  script_read(target_file, should_read_entire_file, start_line_one_indexed, end_line_one_indexed_inclusive)
2026-09-21 19:36:17 <- script_read (0.0s):    405→			if not tick(1) then break end    406→		end    407→		if myGeneration ~=
2026-09-21 19:36:22 -> tool  execute_luau(datamodel_type, code)
2026-09-21 19:36:22 <- execute_luau (0.1s): {"ok":true}
2026-09-21 19:36:37 -> tool  execute_luau(datamodel_type, code)
2026-09-21 19:36:37 <- execute_luau (0.1s): {"ok":true,"length":8580}
2026-09-21 19:36:46 -> tool  execute_luau(datamodel_type, code)
2026-09-21 19:36:46 <- execute_luau (0.1s): {"ok":true,"handlers":true,"spawnFn":true}
2026-09-21 19:36:54 -> tool  execute_luau(datamodel_type, code)
2026-09-21 19:36:54 <- execute_luau (0.1s): {"ok":true,"length":3669}
2026-09-21 19:37:00 -> tool  execute_luau(datamodel_type, code)
2026-09-21 19:37:00 <- execute_luau (0.0s): sabuiltin_Assistant.rbxm.Assistant.Packages._Index.AssistantUI.AssistantUI.Tools
2026-09-21 19:37:05 -> tool  execute_luau(datamodel_type, code)
2026-09-21 19:37:05 <- execute_luau (0.1s): {"hasEasy":true,"server":true}
2026-09-21 19:37:10 -> tool  execute_luau(datamodel_type, code)
2026-09-21 19:37:10 <- execute_luau (0.1s): {"client":false}
2026-09-21 19:38:18 -> tool  script_read(target_file, should_read_entire_file, start_line_one_indexed, end_line_one_indexed_inclusive)
2026-09-21 19:38:18 <- script_read (0.0s):      8→local client = script.Parent:WaitForChild("Client")      9→     10→local 
2026-09-21 19:39:57 -> tool  multi_edit(datamodel_type, file_path, edits)
2026-09-21 19:39:57 <- multi_edit (0.1s): Modified ClientMain (LocalScript) with 1 edits applied
2026-09-21 19:40:01 -> tool  start_stop_play(is_start)
2026-09-21 19:40:04 <- start_stop_play (3.5s): Game Started
2026-09-21 19:40:09 -> tool  get_console_output()
2026-09-21 19:40:09 <- get_console_output (0.0s): [ServerMain] Dodge the Wall server booted (Studio). cloud_98896107805157.GUIPres
2026-09-21 19:40:13 -> tool  execute_luau(datamodel_type, code)
2026-09-21 19:40:13 <- execute_luau (0.1s): {"hasUI":true,"toggleVisible":true,"hasPanel":true,"myUserId":1838966444}
2026-09-21 19:40:19 -> tool  execute_luau(datamodel_type, code)
2026-09-21 19:40:19 <- execute_luau (0.1s): {"ServerPage":6,"RoundPage":15,"PlayerPage":18}
2026-09-21 19:40:24 -> tool  screen_capture(capture_id, camera_position, look_at_position)
2026-09-21 19:40:25 <- screen_capture (0.6s): 
2026-09-21 19:40:33 -> tool  start_stop_play(is_start)
2026-09-21 19:40:35 <- start_stop_play (1.0s): Game Stopped
2026-09-21 19:40:40 -> tool  multi_edit(datamodel_type, file_path, edits)
2026-09-21 19:40:40 <- multi_edit (0.1s): Modified Memory (ModuleScript) with 1 edits applied
2026-09-21 19:42:31 -> tool  execute_luau(datamodel_type, code)
2026-09-21 19:42:31 <- execute_luau (0.1s): {"ok":true,"hasHead":true,"gui":"AnnouncementUI"}
2026-09-21 19:42:37 -> tool  execute_luau(datamodel_type, code)
2026-09-21 19:42:37 <- execute_luau (0.1s): {"ok":true,"hasRemote":true,"hasNew":false}
2026-09-21 19:42:42 -> tool  script_grep(query)
2026-09-21 19:42:42 <- script_grep (0.0s): Path: StarterPlayer.StarterPlayerScripts.Client.AdminController | Line: 55 | 			
2026-09-21 19:42:46 -> tool  script_read(target_file, should_read_entire_file, start_line_one_indexed, end_line_one_indexed_inclusive)
2026-09-21 19:42:47 <- script_read (0.0s):    258→	for _, p in ipairs(currentPlayers()) do    259→		PlayerService.giveCoins
2026-09-21 19:42:52 -> tool  script_read(target_file, should_read_entire_file, start_line_one_indexed, end_line_one_indexed_inclusive)
2026-09-21 19:42:52 <- script_read (0.0s):    290→	if not isAdmin(player) then    291→		warn("[AdminService] Non-admin " ..
2026-09-21 19:43:04 -> tool  multi_edit(datamodel_type, file_path, edits)
2026-09-21 19:43:04 <- multi_edit (0.1s): Modified AdminService (ModuleScript) with 1 edits applied
2026-09-21 19:43:09 -> tool  multi_edit(datamodel_type, file_path, edits)
2026-09-21 19:43:09 <- multi_edit (0.1s): Modified AdminService (ModuleScript) with 1 edits applied
2026-09-21 19:43:17 -> tool  execute_luau(datamodel_type, code)
2026-09-21 19:43:17 <- execute_luau (0.1s): {"controller":1987,"wired":false,"ok":true}
2026-09-21 19:43:22 -> tool  script_read(target_file, should_read_entire_file, start_line_one_indexed, end_line_one_indexed_inclusive)
2026-09-21 19:43:22 <- script_read (0.0s):     10→local UIController = require(client:WaitForChild("UIController"))     11→
2026-09-21 19:43:27 -> tool  multi_edit(datamodel_type, file_path, edits)
2026-09-21 19:43:27 <- multi_edit (0.0s): Modified ClientMain (LocalScript) with 1 edits applied
2026-09-21 19:43:31 -> tool  start_stop_play(is_start)
2026-09-21 19:43:35 <- start_stop_play (3.4s): Game Started
2026-09-21 19:43:40 -> tool  execute_luau(datamodel_type, code)
2026-09-21 19:43:44 <- execute_luau (4.1s): {"visible":true,"msg":"Bienvenue dans Dodge the Wall ! Event ce soir a 20h !","n
2026-09-21 19:43:49 -> tool  screen_capture(capture_id, camera_position, look_at_position)
2026-09-21 19:43:50 <- screen_capture (1.2s): 
2026-09-21 19:43:59 -> tool  start_stop_play(is_start)
2026-09-21 19:44:00 <- start_stop_play (1.0s): Game Stopped
2026-09-21 19:44:06 -> tool  multi_edit(datamodel_type, file_path, edits)
2026-09-21 19:44:06 <- multi_edit (0.1s): Modified Memory (ModuleScript) with 1 edits applied
2026-09-21 19:52:16 -> tool  script_grep(query)
2026-09-21 19:52:16 <- script_grep (0.0s): Path: ServerScriptService.Services.WallService | Line: 256 | local HIT_PADDING =
2026-09-21 19:52:21 -> tool  script_read(target_file, should_read_entire_file, start_line_one_indexed, end_line_one_indexed_inclusive)
2026-09-21 19:52:21 <- script_read (0.0s):    250→				TweenService:Create(part, TweenInfo.new(0.22, Enum.EasingStyle.Quad),
2026-09-21 19:52:29 -> tool  execute_luau(datamodel_type, code)
2026-09-21 19:52:29 <- execute_luau (0.1s): {"hasGetPattern":true,"len":17113,"hitPadding3":true,"hasRoundSpeed":true,"hasHi
2026-09-21 19:52:37 -> tool  execute_luau(datamodel_type, code)
2026-09-21 19:52:37 <- execute_luau (0.1s): {"usesWallThickness":true,"padding1":true}
2026-09-21 19:52:41 -> tool  start_stop_play(is_start)
2026-09-21 19:52:45 <- start_stop_play (3.7s): Game Started
2026-09-21 19:52:50 -> tool  execute_luau(datamodel_type, code)
2026-09-21 19:52:50 <- execute_luau (0.1s): {"thickness":true,"padding":true}
2026-09-21 19:52:56 -> tool  get_console_output()
2026-09-21 19:52:56 <- get_console_output (0.0s): [ServerMain] Dodge the Wall server booted (Studio). cloud_98896107805157.GUIPres
2026-09-21 19:53:00 -> tool  start_stop_play(is_start)
2026-09-21 19:53:01 <- start_stop_play (1.0s): Game Stopped
2026-09-21 19:53:07 -> tool  multi_edit(datamodel_type, file_path, edits)
2026-09-21 19:53:07 <- multi_edit (0.1s): Modified Memory (ModuleScript) with 1 edits applied
2026-09-21 19:57:00 -> tool  script_grep(query)
2026-09-21 19:57:00 <- script_grep (0.0s): Path: ServerScriptService.Services.RoundService | Line: 424 | function RoundServ
2026-09-21 19:57:08 -> tool  script_read(target_file, should_read_entire_file, start_line_one_indexed, end_line_one_indexed_inclusive)
2026-09-21 19:57:08 <- script_read (0.0s):     36→local state = RoundService.State.WAITING_FOR_PLAYERS     37→local partici
2026-09-21 19:57:17 -> tool  script_read(target_file, should_read_entire_file, start_line_one_indexed, end_line_one_indexed_inclusive)
2026-09-21 19:57:17 <- script_read (0.0s):    336→		-- WAITING_FOR_PLAYERS / INTERMISSION    337→		generation += 1    338→	
2026-09-21 19:57:23 -> tool  script_read(target_file, should_read_entire_file, start_line_one_indexed, end_line_one_indexed_inclusive)
2026-09-21 19:57:24 <- script_read (0.0s):    460→		local lobbyCF = getLobbyCFrame()    461→		for player in pairs(participa
2026-09-21 19:57:32 -> tool  execute_luau(datamodel_type, code)
2026-09-21 19:57:32 <- execute_luau (0.1s): {"forceEndWired":false,"skipWired":false,"forceStartWired":false}
2026-09-21 19:57:42 -> tool  execute_luau(datamodel_type, code)
2026-09-21 19:57:42 <- execute_luau (0.1s): {"forceEndWired":true,"skipWired":true,"forceStartWired":true}
2026-09-21 19:57:48 -> tool  start_stop_play(is_start)
2026-09-21 19:57:51 <- start_stop_play (3.5s): Game Started
2026-09-21 19:57:56 -> tool  execute_luau(datamodel_type, code)
2026-09-21 19:58:00 <- execute_luau (4.1s): {"ok":true}
2026-09-21 19:58:08 -> tool  execute_luau(datamodel_type, code)
2026-09-21 19:58:10 <- execute_luau (1.9s): {"SkipIntermission":true,"ClearWalls":true,"EasyWalls":true,"ForceStart":true,"N
2026-09-21 19:58:15 -> tool  get_console_output()
2026-09-21 19:58:15 <- get_console_output (0.0s): [ServerMain] Dodge the Wall server booted (Studio). cloud_98896107805157.GUIPres
2026-09-21 19:58:21 -> tool  execute_luau(datamodel_type, code)
2026-09-21 19:58:22 <- execute_luau (1.1s): {"before":0,"spawned":true,"after":1}
2026-09-21 19:58:28 -> tool  execute_luau(datamodel_type, code)
2026-09-21 19:58:28 <- execute_luau (0.1s): {"wallCount":0}
2026-09-21 19:58:33 -> tool  execute_luau(datamodel_type, code)
2026-09-21 19:58:39 <- execute_luau (6.2s)  [SLOW]: {"1":"WAITING_FOR_PLAYERS","3":"WAITING_FOR_PLAYERS","2":"WAITING_FOR_PLAYERS","
2026-09-21 19:58:51 -> tool  start_stop_play(is_start)
2026-09-21 19:58:52 <- start_stop_play (1.0s): Game Stopped
2026-09-21 19:58:57 -> tool  multi_edit(datamodel_type, file_path, edits)
2026-09-21 19:58:57 <- multi_edit (0.0s): Modified GameConfig (ModuleScript) with 1 edits applied
2026-09-21 19:59:02 -> tool  start_stop_play(is_start)
2026-09-21 19:59:06 <- start_stop_play (3.5s): Game Started
2026-09-21 19:59:11 -> tool  execute_luau(datamodel_type, code)
2026-09-21 19:59:21 <- execute_luau (10.1s)  [SLOW]: {"ok":true}
2026-09-21 19:59:26 -> tool  get_console_output()
2026-09-21 19:59:26 <- get_console_output (0.0s): [ServerMain] Dodge the Wall server booted (Studio). [RoundService] State -> INTE
2026-09-21 19:59:31 -> tool  start_stop_play(is_start)
2026-09-21 19:59:32 <- start_stop_play (1.0s): Game Stopped
2026-09-21 19:59:36 -> tool  multi_edit(datamodel_type, file_path, edits)
2026-09-21 19:59:36 <- multi_edit (0.0s): Modified GameConfig (ModuleScript) with 1 edits applied
2026-09-21 19:59:42 -> tool  multi_edit(datamodel_type, file_path, edits)
2026-09-21 19:59:42 <- multi_edit (0.0s): Modified Memory (ModuleScript) with 1 edits applied
2026-09-21 20:53:39 -> tool  script_read(target_file, should_read_entire_file, start_line_one_indexed, end_line_one_indexed_inclusive)
2026-09-21 20:53:39 <- script_read (0.0s):    296→	end    297→end    298→    299→local function renderCrates()    300→	for 
2026-09-21 20:53:56 -> tool  execute_luau(datamodel_type, code)
2026-09-21 20:53:56 <- execute_luau (0.1s): {"ok":true,"length":1691}
2026-09-21 20:54:07 -> tool  execute_luau(datamodel_type, code)
2026-09-21 20:54:07 <- execute_luau (0.1s): {"cards":33,"ok":true,"tabPass":true}
2026-09-21 20:54:16 -> tool  execute_luau(datamodel_type, code)
2026-09-21 20:54:16 <- execute_luau (0.1s): {"ok":true,"length":4414}
2026-09-21 20:54:24 -> tool  multi_edit(datamodel_type, file_path, edits)
2026-09-21 20:54:24 <- multi_edit (0.1s): Modified ServerMain (Script) with 1 edits applied
2026-09-21 20:54:29 -> tool  script_grep(query)
2026-09-21 20:54:29 <- script_grep (0.1s): Path: StarterPlayer.StarterPlayerScripts.Client.UIController | Line: 50 | refs.T
2026-09-21 20:54:41 -> tool  multi_edit(datamodel_type, file_path, edits)
2026-09-21 20:54:41 <- multi_edit (0.1s): Modified UIController (ModuleScript) with 1 edits applied
2026-09-21 20:54:47 -> tool  script_read(target_file, should_read_entire_file, start_line_one_indexed, end_line_one_indexed_inclusive)
2026-09-21 20:54:47 <- script_read (0.0s):    327→		end    328→	end    329→end    330→    331→local renderers = { Powers = 
2026-09-21 20:54:55 -> tool  execute_luau(datamodel_type, code)
2026-09-21 20:54:55 <- execute_luau (0.1s): {"ok":true,"hasRenderPass":true}
2026-09-21 20:55:02 -> tool  execute_luau(datamodel_type, code)
2026-09-21 20:55:02 <- execute_luau (0.1s): {"remoteRef":true,"wired":true,"ok":true}
2026-09-21 20:55:09 -> tool  execute_luau(datamodel_type, code)
2026-09-21 20:55:10 <- execute_luau (0.1s): sabuiltin_Assistant.rbxm.Assistant.Packages._Index.AssistantUI.AssistantUI.Tools
2026-09-21 20:55:17 -> tool  execute_luau(datamodel_type, code)
2026-09-21 20:55:17 <- execute_luau (0.1s): {"ok":true,"hasPrompt":true}
2026-09-21 20:55:23 -> tool  script_read(target_file, should_read_entire_file, start_line_one_indexed, end_line_one_indexed_inclusive)
2026-09-21 20:55:23 <- script_read (0.0s):      1→-- RewardService      2→-- Grants round rewards. Coins and Wins are only 
2026-09-21 20:55:28 -> tool  multi_edit(datamodel_type, file_path, edits)
2026-09-21 20:55:28 <- multi_edit (0.0s): sabuiltin_Assistant.rbxm.Assistant.Packages._Index.AssistantUI.AssistantUI.Tools
2026-09-21 20:55:35 -> tool  execute_luau(datamodel_type, code)
2026-09-21 20:55:35 <- execute_luau (0.1s): {"ok":true,"hasPassMult":true,"hasMonet":true}
2026-09-21 20:55:41 -> tool  start_stop_play(is_start)
2026-09-21 20:55:45 <- start_stop_play (4.6s): Game Started
2026-09-21 20:55:50 -> tool  execute_luau(datamodel_type, code)
2026-09-21 20:55:54 <- execute_luau (4.1s): {"ok":true}
2026-09-21 20:55:59 -> tool  get_console_output()
2026-09-21 20:55:59 <- get_console_output (0.0s): ServerScriptService.Services.MonetizationService:174: Incomplete statement: expe
2026-09-21 20:56:04 -> tool  start_stop_play(is_start)
2026-09-21 20:56:05 <- start_stop_play (1.0s): Game Stopped
2026-09-21 20:56:10 -> tool  script_read(target_file, should_read_entire_file, start_line_one_indexed, end_line_one_indexed_inclusive)
2026-09-21 20:56:10 <- script_read (0.0s):    160→		PlayerService.notify(player, "This item is not set up yet.", "Error")  
2026-09-21 20:56:16 -> tool  execute_luau(datamodel_type, code)
2026-09-21 20:56:16 <- execute_luau (0.1s): {"endsProperly":true,"len":5501,"ok":true}
2026-09-21 20:56:22 -> tool  script_read(target_file, should_read_entire_file, start_line_one_indexed, end_line_one_indexed_inclusive)
2026-09-21 20:56:22 <- script_read (0.0s):    168→		task.wait(1)    169→		refreshPasses(player)    170→		PlayerService.noti
2026-09-21 20:56:28 -> tool  start_stop_play(is_start)
2026-09-21 20:56:31 <- start_stop_play (3.5s): Game Started
2026-09-21 20:56:37 -> tool  get_console_output()
2026-09-21 20:56:37 <- get_console_output (0.0s): [ServerMain] Dodge the Wall server booted (Studio). cloud_98896107805157.GUIPres
2026-09-21 20:56:42 -> tool  execute_luau(datamodel_type, code)
2026-09-21 20:56:43 <- execute_luau (0.1s): {"tabs":{"1":"TabPowers","3":"TabInventory","2":"TabCrates","5":"TabItems","4":"
2026-09-21 20:56:48 -> tool  execute_luau(datamodel_type, code)
2026-09-21 20:56:48 <- execute_luau (0.0s): sabuiltin_Assistant.rbxm.Assistant.Packages._Index.AssistantUI.AssistantUI.Tools
2026-09-21 20:56:54 -> tool  execute_luau(datamodel_type, code)
2026-09-21 20:56:54 <- execute_luau (0.1s): {"ok":true}
2026-09-21 20:56:58 -> tool  screen_capture(capture_id, camera_position, look_at_position)
2026-09-21 20:56:59 <- screen_capture (0.7s): 
2026-09-21 20:57:08 -> tool  start_stop_play(is_start)
2026-09-21 20:57:09 <- start_stop_play (1.0s): Game Stopped
2026-09-21 20:57:15 -> tool  multi_edit(datamodel_type, file_path, edits)
2026-09-21 20:57:15 <- multi_edit (0.0s): Modified Memory (ModuleScript) with 1 edits applied
2026-09-21 21:18:32 -> tool  start_stop_play(is_start)
2026-09-21 21:18:35 <- start_stop_play (3.5s): Game Started
2026-09-21 21:18:47 -> tool  start_stop_play(is_start)
2026-09-21 21:18:48 <- start_stop_play (1.0s): Game Stopped
2026-09-21 21:19:00 -> tool  script_grep(query)
2026-09-21 21:19:00 <- script_grep (0.0s): Path: StarterPlayer.StarterPlayerScripts.Client.UIController | Line: 53 | refs.T
2026-09-21 21:19:06 -> tool  script_grep(query)
2026-09-21 21:19:06 <- script_grep (0.0s): No matches found for the given query.
2026-09-21 21:19:11 -> tool  script_grep(query)
2026-09-21 21:19:11 <- script_grep (0.0s): sabuiltin_Assistant.rbxm.Assistant.Packages._Index.AssistantUI.AssistantUI.Tools
2026-09-21 21:19:16 -> tool  script_grep(query)
2026-09-21 21:19:16 <- script_grep (0.0s): Path: StarterPlayer.StarterPlayerScripts.Client.UIController | Line: 298 | local
2026-09-21 21:19:22 -> tool  multi_edit(datamodel_type, file_path, edits)
2026-09-21 21:19:22 <- multi_edit (0.1s): Modified UIController (ModuleScript) with 1 edits applied
2026-09-21 21:19:27 -> tool  script_read(target_file, should_read_entire_file, start_line_one_indexed, end_line_one_indexed_inclusive)
2026-09-21 21:19:27 <- script_read (0.0s):    329→		end    330→	end    331→end    332→    333→local function renderPass()  
2026-09-21 21:19:32 -> tool  start_stop_play(is_start)
2026-09-21 21:19:35 <- start_stop_play (3.5s): Game Started
2026-09-21 21:32:55 -> tool  start_stop_play(is_start)
2026-09-21 21:32:56 <- start_stop_play (1.0s): Game Stopped
2026-09-21 21:33:08 -> tool  execute_luau(datamodel_type, code)
2026-09-21 21:33:08 <- execute_luau (0.1s): {"ok":true,"added":"MOVEMENTSection"}
2026-09-21 21:33:13 -> tool  script_read(target_file, should_read_entire_file, start_line_one_indexed, end_line_one_indexed_inclusive)
2026-09-21 21:33:13 <- script_read (0.0s):     75→	})     76→end     77→     78→local function openPanel()     79→	panel.Vi
2026-09-21 21:33:23 -> tool  execute_luau(datamodel_type, code)
2026-09-21 21:33:23 <- execute_luau (0.1s): {"ok":true,"length":2983}
2026-09-21 21:33:30 -> tool  script_read(target_file, should_read_entire_file, start_line_one_indexed, end_line_one_indexed_inclusive)
2026-09-21 21:33:30 <- script_read (0.0s):      1→-- AdminController      2→-- Client-side admin panel. Asks the server whe
2026-09-21 21:33:36 -> tool  script_read(target_file, should_read_entire_file, start_line_one_indexed, end_line_one_indexed_inclusive)
2026-09-21 21:33:36 <- script_read (0.0s):     50→end     51→     52→local function setTab(name)     53→	currentTab = name 
2026-09-21 21:33:43 -> tool  multi_edit(datamodel_type, file_path, edits)
2026-09-21 21:33:43 <- multi_edit (0.1s): Modified AdminController (ModuleScript) with 2 edits applied
2026-09-21 21:33:49 -> tool  start_stop_play(is_start)
2026-09-21 21:33:53 <- start_stop_play (3.6s): Game Started
2026-09-21 21:33:59 -> tool  execute_luau(datamodel_type, code)
2026-09-21 21:34:02 <- execute_luau (3.1s): {"buttons":{"1":"AdminFly","2":"AdminUnfly"}}
2026-09-21 21:34:08 -> tool  execute_luau(datamodel_type, code)
2026-09-21 21:34:09 <- execute_luau (0.9s): {"flyingOff":false,"flyingOn":true,"hadBodyVelocity":true}
2026-09-21 21:34:14 -> tool  start_stop_play(is_start)
2026-09-21 21:34:15 <- start_stop_play (1.0s): Game Stopped
2026-09-21 21:34:21 -> tool  multi_edit(datamodel_type, file_path, edits)
2026-09-21 21:34:21 <- multi_edit (0.1s): Modified Memory (ModuleScript) with 1 edits applied
2026-09-21 21:55:01 -> tool  execute_luau(datamodel_type, code)
2026-09-21 21:55:02 <- execute_luau (0.1s): {"ok":true,"added":"VerySlowWalls"}
2026-09-21 21:55:07 -> tool  script_grep(query)
2026-09-21 21:55:07 <- script_grep (0.0s): Path: ServerScriptService.Services.AdminService | Line: 178 | function actions.E
2026-09-21 21:55:12 -> tool  script_read(target_file, should_read_entire_file, start_line_one_indexed, end_line_one_indexed_inclusive)
2026-09-21 21:55:12 <- script_read (0.0s):    176→	if hrp then hrp.Anchored = true; task.delay(3, function() if hrp and hrp
2026-09-21 21:55:18 -> tool  execute_luau(code, datamodel_type)
2026-09-21 21:55:18 <- execute_luau (0.1s): sabuiltin_Assistant.rbxm.Assistant.Packages._Index.AssistantUI.AssistantUI.Tools
2026-09-21 21:55:24 -> tool  execute_luau(datamodel_type, code)
2026-09-21 21:55:24 <- execute_luau (0.1s): {"ok":true,"has":true}
2026-09-21 21:55:30 -> tool  start_stop_play(is_start)
2026-09-21 21:55:33 <- start_stop_play (3.2s): Game Started
2026-09-21 21:55:39 -> tool  execute_luau(datamodel_type, code)
2026-09-21 21:55:42 <- execute_luau (3.6s): {"ok":true}
2026-09-21 21:55:47 -> tool  get_console_output()
2026-09-21 21:55:47 <- get_console_output (0.0s): [ServerMain] Dodge the Wall server booted (Studio). cloud_98896107805157.GUIPres
2026-09-21 21:55:53 -> tool  start_stop_play(is_start)
2026-09-21 21:55:54 <- start_stop_play (1.1s): Game Stopped
2026-09-21 21:56:06 -> tool  multi_edit(datamodel_type, file_path, edits)
2026-09-21 21:56:06 <- multi_edit (0.0s): Modified Memory (ModuleScript) with 1 edits applied
2026-09-21 22:03:28 -> tool  execute_luau(datamodel_type, code)
2026-09-21 22:03:28 <- execute_luau (0.1s): {"ok":true,"length":1153}
2026-09-21 22:03:40 -> tool  execute_luau(datamodel_type, code)
2026-09-21 22:03:40 <- execute_luau (0.1s): {"ok":true,"length":3581}
2026-09-21 22:03:45 -> tool  multi_edit(datamodel_type, file_path, edits)
2026-09-21 22:03:45 <- multi_edit (0.1s): Modified ServerMain (Script) with 1 edits applied
2026-09-21 22:03:53 -> tool  execute_luau(datamodel_type, code)
2026-09-21 22:03:53 <- execute_luau (0.1s): {"ok":true,"fires":true,"hasSignal":true}
2026-09-21 22:04:00 -> tool  execute_luau(datamodel_type, code)
2026-09-21 22:04:00 <- execute_luau (0.1s): {"ok":true,"wired":true}
2026-09-21 22:04:04 -> tool  start_stop_play(is_start)
2026-09-21 22:04:08 <- start_stop_play (3.4s): Game Started
2026-09-21 22:04:12 -> tool  get_console_output()
2026-09-21 22:04:13 <- get_console_output (0.0s): [ServerMain] Dodge the Wall server booted (Studio). cloud_98896107805157.GUIPres
2026-09-21 22:04:19 -> tool  execute_luau(datamodel_type, code)
2026-09-21 22:04:19 <- execute_luau (0.1s): {"color":"1, 0.235294, 0.235294","text":"👑 OWNER","hasTag":true}
2026-09-21 22:04:25 -> tool  screen_capture(capture_id, camera_position, look_at_position)
2026-09-21 22:04:26 <- screen_capture (1.1s): 
2026-09-21 22:04:35 -> tool  start_stop_play(is_start)
2026-09-21 22:04:36 <- start_stop_play (1.0s): Game Stopped
2026-09-21 22:04:41 -> tool  multi_edit(datamodel_type, file_path, edits)
2026-09-21 22:04:41 <- multi_edit (0.1s): Modified Memory (ModuleScript) with 1 edits applied
2026-09-21 22:20:05 -> tool  inspect_instance(path)
2026-09-21 22:20:05 <- inspect_instance (0.0s): {"path":"StarterGui.MainUI.LeftSidebar","name":"LeftSidebar","className":"Frame"
2026-09-21 22:20:13 -> tool  execute_luau(datamodel_type, code)
2026-09-21 22:20:13 <- execute_luau (0.1s): {"ok":true,"length":210}
2026-09-21 22:21:21 -> tool  script_grep(query)
2026-09-21 22:21:21 <- script_grep (0.0s): Path: StarterPlayer.StarterPlayerScripts.Client.UIController | Line: 44 | refs.S
2026-09-21 22:21:26 -> tool  multi_edit(datamodel_type, file_path, edits)
2026-09-21 22:21:26 <- multi_edit (0.1s): Modified UIController (ModuleScript) with 1 edits applied
2026-09-21 22:21:33 -> tool  multi_edit(datamodel_type, file_path, edits)
2026-09-21 22:21:33 <- multi_edit (0.1s): Modified UIController (ModuleScript) with 1 edits applied
2026-09-21 22:21:38 -> tool  multi_edit(datamodel_type, file_path, edits)
2026-09-21 22:21:38 <- multi_edit (0.1s): Modified UIController (ModuleScript) with 1 edits applied
2026-09-21 22:21:44 -> tool  start_stop_play(is_start)
2026-09-21 22:21:47 <- start_stop_play (3.4s): Game Started
2026-09-21 22:21:53 -> tool  execute_luau(code, datamodel_type)
2026-09-21 22:21:53 <- execute_luau (0.0s): Edit datamodel is not available in Play mode
2026-09-21 22:21:59 -> tool  execute_luau(datamodel_type, code)
2026-09-21 22:22:03 <- execute_luau (3.1s): {"buttons":{"1":"ShopButton","3":"SettingsButton","2":"RebirthButton","5":"JoinG
2026-09-21 22:22:08 -> tool  get_console_output()
2026-09-21 22:22:08 <- get_console_output (0.0s): [ServerMain] Dodge the Wall server booted (Studio). cloud_98896107805157.GUIPres
2026-09-21 22:22:13 -> tool  start_stop_play(is_start)
2026-09-21 22:22:14 <- start_stop_play (1.0s): Game Stopped
2026-09-21 22:22:20 -> tool  multi_edit(datamodel_type, file_path, edits)
2026-09-21 22:22:20 <- multi_edit (0.1s): Modified Memory (ModuleScript) with 1 edits applied
2026-09-21 22:26:51 -> tool  execute_luau(datamodel_type, code)
2026-09-21 22:26:51 <- execute_luau (0.0s): sabuiltin_Assistant.rbxm.Assistant.Packages._Index.AssistantUI.AssistantUI.Tools
2026-09-21 22:26:57 -> tool  execute_luau(datamodel_type, code)
2026-09-21 22:26:57 <- execute_luau (0.1s): sabuiltin_Assistant.rbxm.Assistant.Packages._Index.AssistantUI.AssistantUI.Tools
2026-09-21 22:27:04 -> tool  execute_luau(datamodel_type, code)
2026-09-21 22:27:04 <- execute_luau (0.1s): {"players":"no","social":"no","gui":"no"}
2026-09-21 22:27:12 -> tool  execute_luau(datamodel_type, code)
2026-09-21 22:27:12 <- execute_luau (0.1s): {"ok":false,"result":"GetMethods is not a valid member of ReflectionService \"Re
2026-09-21 22:27:20 -> tool  execute_luau(datamodel_type, code)
2026-09-21 22:27:20 <- execute_luau (0.1s): {"Players":[],"MarketplaceService":[],"GroupService":{"1":"GetGroupInfoAsync"},"
2026-09-21 22:27:38 -> tool  skill(skill_name)
2026-09-21 22:27:38 <- skill (0.0s):  # Roblox Documentation Lookup  Use the `http_get` tool to fetch official Roblox
2026-09-21 22:27:51 -> tool  http_get(url, query)
2026-09-21 22:27:51 <- http_get (0.2s): Found 144 match(es) for 'Prompt' (569/1290 lines shown):   **SocialService** fac
2026-09-21 22:27:57 -> tool  http_get(url, query)
2026-09-21 22:27:57 <- http_get (0.2s): No matches for 'PromptJoinGroup' in https://create.roblox.com/docs/reference/eng
2026-09-21 22:28:03 -> tool  http_get(url, query)
2026-09-21 22:28:03 <- http_get (0.1s): Found 14 match(es) for 'Group' (98/1264 lines shown):  - [CFrameValue](/docs/ref
2026-09-21 22:28:09 -> tool  http_get(url, query)
2026-09-21 22:28:09 <- http_get (0.1s): Found 7 match(es) for 'PromptJoinAsync' (39/868 lines shown):   The service has 
2026-09-21 22:28:16 -> tool  multi_edit(datamodel_type, file_path, edits)
2026-09-21 22:28:16 <- multi_edit (0.1s): Modified UIController (ModuleScript) with 1 edits applied
2026-09-21 22:28:28 -> tool  execute_luau(datamodel_type, code)
2026-09-21 22:28:28 <- execute_luau (0.1s): {"ok":true,"changed":true,"hasGlow":true}
2026-09-21 22:28:34 -> tool  script_read(target_file, should_read_entire_file, start_line_one_indexed, end_line_one_indexed_inclusive)
2026-09-21 22:28:34 <- script_read (0.0s):     48→	local character = player.Character     49→	if not character then return 
2026-09-21 22:28:40 -> tool  script_read(target_file, should_read_entire_file, start_line_one_indexed, end_line_one_indexed_inclusive)
2026-09-21 22:28:40 <- script_read (0.0s):    155→	nameTag.BackgroundTransparency = 1    156→	nameTag.AnchorPoint = Vector2
2026-09-21 22:28:46 -> tool  start_stop_play(is_start)
2026-09-21 22:28:49 <- start_stop_play (3.4s): Game Started
2026-09-21 22:28:54 -> tool  get_console_output()
2026-09-21 22:28:54 <- get_console_output (0.0s): [ServerMain] Dodge the Wall server booted (Studio). cloud_98896107805157.GUIPres
2026-09-21 22:29:01 -> tool  execute_luau(datamodel_type, code)
2026-09-21 22:29:01 <- execute_luau (0.1s): {"pos":{"1":4.152407169342041,"3":164.36187744140626,"2":26.430089950561525}}
2026-09-21 22:29:08 -> tool  execute_luau(datamodel_type, code)
2026-09-21 22:29:08 <- execute_luau (0.1s): {"hasGradient":true,"hasGlow":true,"playerName":"Blxe","text":"👑 OWNER","hasTag"
2026-09-21 22:29:13 -> tool  screen_capture(capture_id, camera_position, look_at_position)
2026-09-21 22:29:15 <- screen_capture (1.2s): 
2026-09-21 22:29:24 -> tool  start_stop_play(is_start)
2026-09-21 22:29:25 <- start_stop_play (1.0s): Game Stopped
2026-09-21 22:29:32 -> tool  multi_edit(datamodel_type, file_path, edits)
2026-09-21 22:29:32 <- multi_edit (0.1s): Modified Memory (ModuleScript) with 2 edits applied
2026-09-21 22:35:16 -> tool  execute_luau(datamodel_type, code)
2026-09-21 22:35:16 <- execute_luau (0.0s): Edit datamodel is not available in Play mode
2026-09-21 22:35:21 -> tool  start_stop_play(is_start)
2026-09-21 22:35:22 <- start_stop_play (1.0s): Game Stopped
2026-09-21 22:35:31 -> tool  execute_luau(datamodel_type, code)
2026-09-21 22:35:31 <- execute_luau (0.1s): {"ok":true,"length":1320}
2026-09-21 22:35:38 -> tool  multi_edit(datamodel_type, file_path, edits)
2026-09-21 22:35:38 <- multi_edit (0.1s): Modified ClientMain (LocalScript) with 1 edits applied
2026-09-21 22:35:43 -> tool  start_stop_play(is_start)
2026-09-21 22:35:47 <- start_stop_play (3.4s): Game Started
2026-09-21 22:35:53 -> tool  execute_luau(code, datamodel_type)
2026-09-21 22:35:53 <- execute_luau (0.0s): Edit datamodel is not available in Play mode
2026-09-21 22:35:59 -> tool  execute_luau(datamodel_type, code)
2026-09-21 22:36:02 <- execute_luau (3.1s): {"scaleValue":0.9892444014549255,"hasTag":true,"hasScale":true}
2026-09-21 22:36:09 -> tool  execute_luau(datamodel_type, code)
2026-09-21 22:36:10 <- execute_luau (0.7s): {"farScale":0.3499999940395355}
2026-09-21 22:44:12 -> tool  start_stop_play(is_start)
2026-09-21 22:44:14 <- start_stop_play (1.0s): Game Stopped
2026-09-21 22:44:20 -> tool  multi_edit(datamodel_type, file_path, edits)
2026-09-21 22:44:20 <- multi_edit (0.2s): Modified Memory (ModuleScript) with 1 edits applied
2026-09-21 22:53:00 -> tool  get_studio_state()
2026-09-21 22:53:00 <- get_studio_state (0.0s): - Current Studio Mode: Edit - Available DataModels: Edit - Focused DataModel in 
2026-09-21 22:53:58 -> tool  search_game_tree(datamodel_type, path, max_depth)
2026-09-21 22:53:58 <- search_game_tree (0.0s): [{"parentName":"Lobby","fullPath":"Workspace.Lobby.Leaderboard","name":"Leaderbo
2026-09-21 22:54:05 -> tool  script_read(target_file, should_read_entire_file)
2026-09-21 22:54:05 <- script_read (0.0s):      1→-- LeaderboardService      2→-- Maintains a real OrderedDataStore of top 
2026-09-21 22:58:40 -> tool  script_grep(query)
2026-09-21 22:58:40 <- script_grep (0.0s): No matches found for the given query.
2026-09-21 23:00:53 -> tool  execute_luau(datamodel_type, code)
2026-09-21 23:00:53 <- execute_luau (0.1s): {"ok":true,"length":6460}
2026-09-21 23:01:03 -> tool  start_stop_play(is_start)
2026-09-21 23:01:06 <- start_stop_play (3.5s): Game Started
2026-09-21 23:01:12 -> tool  get_console_output()
2026-09-21 23:01:12 <- get_console_output (0.0s): [ServerMain] Dodge the Wall server booted (Studio). cloud_98896107805157.GUIPres
2026-09-21 23:01:19 -> tool  execute_luau(datamodel_type, code)
2026-09-21 23:01:19 <- execute_luau (0.1s): {"loginstreak Board":{"title":"TOP STREAK","children":2},"Board":{"title":"TOP W
2026-09-21 23:01:26 -> tool  script_grep(query)
2026-09-21 23:01:26 <- script_grep (0.1s): No matches found for the given query.
2026-09-21 23:01:35 -> tool  multi_edit(datamodel_type, file_path, edits)
2026-09-21 23:01:35 <- multi_edit (0.0s): Edit datamodel is not available in Play mode
2026-09-21 23:01:42 -> tool  start_stop_play(is_start)
2026-09-21 23:01:43 <- start_stop_play (1.0s): Game Stopped
2026-09-21 23:01:49 -> tool  script_read(target_file, should_read_entire_file, start_line_one_indexed, end_line_one_indexed_inclusive)
2026-09-21 23:01:49 <- script_read (0.0s):     15→     16→DataService.DataLoaded = Signal.new()     17→DataService.DataSave
2026-09-21 23:01:55 -> tool  multi_edit(datamodel_type, file_path, edits)
2026-09-21 23:01:55 <- multi_edit (0.1s): Modified DataService (ModuleScript) with 1 edits applied
2026-09-21 23:02:00 -> tool  script_read(target_file, should_read_entire_file, start_line_one_indexed, end_line_one_indexed_inclusive)
2026-09-21 23:02:00 <- script_read (0.0s):     44→end     45→     46→local function clampInt(n, min, max, fallback)     47→
2026-09-21 23:02:06 -> tool  multi_edit(datamodel_type, file_path, edits)
2026-09-21 23:02:07 <- multi_edit (0.1s): Modified DataService (ModuleScript) with 1 edits applied
2026-09-21 23:02:12 -> tool  script_read(target_file, should_read_entire_file, start_line_one_indexed, end_line_one_indexed_inclusive)
2026-09-21 23:02:13 <- script_read (0.0s):     85→	return base     86→end     87→     88→DataService.Validate = validate   
2026-09-21 23:02:18 -> tool  multi_edit(datamodel_type, file_path, edits)
2026-09-21 23:02:19 <- multi_edit (0.1s): Modified DataService (ModuleScript) with 1 edits applied
2026-09-21 23:02:25 -> tool  script_read(target_file, should_read_entire_file, start_line_one_indexed, end_line_one_indexed_inclusive)
2026-09-21 23:02:25 <- script_read (0.0s):    232→	local coins = Instance.new("IntValue")    233→	coins.Name = "Coins"    2
2026-09-21 23:02:32 -> tool  multi_edit(datamodel_type, file_path, edits)
2026-09-21 23:02:32 <- multi_edit (0.1s): Modified PlayerService (ModuleScript) with 1 edits applied
2026-09-21 23:02:39 -> tool  start_stop_play(is_start)
2026-09-21 23:02:42 <- start_stop_play (3.2s): Game Started
2026-09-21 23:02:47 -> tool  get_console_output()
2026-09-21 23:02:47 <- get_console_output (0.0s): [ServerMain] Dodge the Wall server booted (Studio). cloud_98896107805157.GUIPres
2026-09-21 23:02:54 -> tool  execute_luau(datamodel_type, code)
2026-09-21 23:02:54 <- execute_luau (0.1s): {"noRt":true}
2026-09-21 23:03:01 -> tool  screen_capture(capture_id, camera_position, look_at_position)
2026-09-21 23:03:02 <- screen_capture (1.2s): 
2026-09-21 23:03:13 -> tool  start_stop_play(is_start)
2026-09-21 23:03:14 <- start_stop_play (1.0s): Game Stopped
2026-09-21 23:03:22 -> tool  multi_edit(datamodel_type, file_path, edits)
2026-09-21 23:03:22 <- multi_edit (0.1s): Modified Memory (ModuleScript) with 1 edits applied
2026-09-23 17:09:56 ===== BRIDGE START  v1.5.5  pid=14656  log=C:\Users\robin\Downloads\ZeroScript-Free-1.5.5\ZeroScript-Free-1.5.5\logs\bridge_debug.log =====
2026-09-23 17:09:56 configured 1 MCP server(s): roblox
2026-09-23 17:09:56 listening on ws://127.0.0.1:17613  - load the extension and open a supported AI chat
2026-09-23 17:09:56 [roblox] launching  (C:\Users\robin\AppData\Local\Programs\Python\Python314\python.exe C:\Users\robin\Downloads\ZeroScript-Free-1.5.5\ZeroScript-Free-1.5.5\launch_studio_mcp.py)
2026-09-23 17:09:56 [roblox] stderr: launch_studio_mcp: using C:\Users\robin\AppData\Local\Roblox\Versions\version-3afcc74cf8b04b5d\StudioMCP.exe
2026-09-23 17:09:56 [roblox] MCP server up  (28 tools advertised)
2026-09-23 17:10:01 extension connected  (127.0.0.1)  [1 client(s)]
2026-09-23 17:10:01 ready 28 tools available - Roblox Studio connected
2026-09-23 17:10:30 -> tool  get_studio_state()
2026-09-23 17:10:30 <- get_studio_state (0.0s): - Current Studio Mode: Edit - Available DataModels: Edit - Focused DataModel in 
2026-09-23 17:11:42 -> tool  inspect_instance(path)
2026-09-23 17:11:42 <- inspect_instance (0.0s): {"path":"StarterGui.MainUI.LeftSidebar","name":"LeftSidebar","className":"Frame"
2026-09-23 17:11:48 -> tool  inspect_instance(path)
2026-09-23 17:11:48 <- inspect_instance (0.0s): {"path":"StarterGui.MainUI.LeftSidebar.ShopButton","name":"ShopButton","classNam
2026-09-23 17:12:18 -> tool  execute_luau(datamodel_type, code)
2026-09-23 17:12:18 <- execute_luau (0.1s): {"module":2442,"wired":false,"ok":true}
2026-09-23 17:12:25 -> tool  script_read(target_file, should_read_entire_file, start_line_one_indexed, end_line_one_indexed_inclusive)
2026-09-23 17:12:25 <- script_read (0.0s):     10→local UIController = require(client:WaitForChild("UIController"))     11→
2026-09-23 17:12:31 -> tool  multi_edit(datamodel_type, file_path, edits)
2026-09-23 17:12:31 <- multi_edit (0.1s): Modified ClientMain (LocalScript) with 1 edits applied
2026-09-23 17:12:37 -> tool  start_stop_play(is_start)
2026-09-23 17:12:40 <- start_stop_play (3.6s): Game Started
2026-09-23 17:12:45 -> tool  get_console_output()
2026-09-23 17:12:45 <- get_console_output (0.0s): [ServerMain] Dodge the Wall server booted (Studio). cloud_98896107805157.GUIPres
2026-09-23 17:12:53 -> tool  start_stop_play(is_start)
2026-09-23 17:12:54 <- start_stop_play (1.0s): Game Stopped
2026-09-23 17:13:02 -> tool  execute_luau(datamodel_type, code)
2026-09-23 17:13:02 <- execute_luau (0.1s): {"ok":true,"fixedA":true,"fixedB":true}
2026-09-23 17:13:15 -> tool  start_stop_play(is_start)
2026-09-23 17:13:17 <- start_stop_play (2.9s): Game Started
2026-09-23 17:23:31 -> tool  start_stop_play(is_start)
2026-09-23 17:23:33 <- start_stop_play (1.0s): Game Stopped
2026-09-23 17:23:42 -> tool  execute_luau(datamodel_type, code)
2026-09-23 17:23:42 <- execute_luau (0.1s): {"ok":true,"added":"FreezeWalls"}
2026-09-23 17:23:49 -> tool  execute_luau(datamodel_type, code)
2026-09-23 17:23:50 <- execute_luau (0.1s): {"ok":true,"has":true}
2026-09-23 17:23:58 -> tool  execute_luau(datamodel_type, code)
2026-09-23 17:23:58 <- execute_luau (0.1s): {"ok":true,"added":"FreezeBanner"}
2026-09-23 17:24:03 -> tool  script_grep(query)
2026-09-23 17:24:03 <- script_grep (0.0s): Path: StarterPlayer.StarterPlayerScripts.ClientMain | Line: 89 | effectsRemote.O
2026-09-23 17:24:08 -> tool  script_read(target_file, should_read_entire_file, start_line_one_indexed, end_line_one_indexed_inclusive)
2026-09-23 17:24:08 <- script_read (0.0s):     89→-- must never hijack the camera.     90→local function enterSpectating() 
2026-09-23 17:24:14 -> tool  script_read(target_file, should_read_entire_file, start_line_one_indexed, end_line_one_indexed_inclusive)
2026-09-23 17:24:14 <- script_read (0.0s):    120→		end    121→	elseif effect == "Rebirth" then    122→		if a == player the
2026-09-23 17:24:20 -> tool  multi_edit(datamodel_type, file_path, edits)
2026-09-23 17:24:20 <- multi_edit (0.1s): Modified ClientMain (LocalScript) with 1 edits applied
2026-09-23 17:24:26 -> tool  script_grep(query)
2026-09-23 17:24:26 <- script_grep (0.0s): Path: StarterPlayer.StarterPlayerScripts.Client.UIController | Line: 414 | local
2026-09-23 17:24:32 -> tool  script_read(target_file, should_read_entire_file, start_line_one_indexed, end_line_one_indexed_inclusive)
2026-09-23 17:24:32 <- script_read (0.0s):    414→	if data.Wins >= required then    415→		refs.RebirthStatus.Text = "Ready!
2026-09-23 17:24:37 -> tool  script_grep(query)
2026-09-23 17:24:37 <- script_grep (0.0s): Path: StarterPlayer.StarterPlayerScripts.Client.UIController | Line: 414 | local
2026-09-23 17:24:43 -> tool  script_read(target_file, should_read_entire_file, start_line_one_indexed, end_line_one_indexed_inclusive)
2026-09-23 17:24:43 <- script_read (0.0s):    396→    397→wire(refs.TabPowers, function() setTab("Powers") end)    398→wire
2026-09-23 17:24:50 -> tool  multi_edit(datamodel_type, file_path, edits)
2026-09-23 17:24:51 <- multi_edit (0.1s): Modified UIController (ModuleScript) with 1 edits applied
2026-09-23 17:24:55 -> tool  start_stop_play(is_start)
2026-09-23 17:24:59 <- start_stop_play (3.1s): Game Started
2026-09-23 17:25:05 -> tool  execute_luau(datamodel_type, code)
2026-09-23 17:25:09 <- execute_luau (4.3s): {"visible":true,"text":"FREEZE!  2"}
2026-09-23 17:25:15 -> tool  screen_capture(capture_id, camera_position, look_at_position)
2026-09-23 17:25:16 <- screen_capture (0.7s): 
2026-09-23 17:25:25 -> tool  start_stop_play(is_start)
2026-09-23 17:25:26 <- start_stop_play (1.0s): Game Stopped
2026-09-23 17:25:34 -> tool  multi_edit(datamodel_type, file_path, edits)
2026-09-23 17:25:34 <- multi_edit (0.1s): Modified Memory (ModuleScript) with 1 edits applied
2026-09-23 17:26:50 -> tool  script_read(target_file, should_read_entire_file, start_line_one_indexed, end_line_one_indexed_inclusive)
2026-09-23 17:26:50 <- script_read (0.0s):    400→    401→		spectatorOrder = RoundService.getAlivePlayers()    402→		RoundS
2026-09-23 17:26:57 -> tool  script_read(target_file, should_read_entire_file, start_line_one_indexed, end_line_one_indexed_inclusive)
2026-09-23 17:26:57 <- script_read (0.0s):      7→GameConfig.IntermissionTime = 30      8→GameConfig.RoundDuration = 90    
2026-09-23 17:27:03 -> tool  multi_edit(datamodel_type, file_path, edits)
2026-09-23 17:27:03 <- multi_edit (0.1s): Modified GameConfig (ModuleScript) with 1 edits applied
2026-09-23 17:27:10 -> tool  script_read(target_file, should_read_entire_file, start_line_one_indexed, end_line_one_indexed_inclusive)
2026-09-23 17:27:10 <- script_read (0.1s):    160→		if child:IsA("BasePart") then table.insert(points, child) end    161→	e
2026-09-23 17:27:17 -> tool  multi_edit(datamodel_type, file_path, edits)
2026-09-23 17:27:17 <- multi_edit (0.1s): Modified RoundService (ModuleScript) with 1 edits applied
2026-09-23 17:27:25 -> tool  execute_luau(datamodel_type, code)
2026-09-23 17:27:25 <- execute_luau (0.1s): {"ok":true,"unfrozen":false,"frozen":false}
2026-09-23 17:27:30 -> tool  script_read(target_file, should_read_entire_file, start_line_one_indexed, end_line_one_indexed_inclusive)
2026-09-23 17:27:30 <- script_read (0.0s):    424→		spectatorOrder = RoundService.getAlivePlayers()    425→		RoundService.P
2026-09-23 17:27:37 -> tool  script_read(target_file, should_read_entire_file, start_line_one_indexed, end_line_one_indexed_inclusive)
2026-09-23 17:27:37 <- script_read (0.0s):    440→		end    441→		-- Unfreeze everyone as the round actually begins.    442→
2026-09-23 17:27:45 -> tool  execute_luau(datamodel_type, code)
2026-09-23 17:27:45 <- execute_luau (0.1s): {"hasEffects":false}
2026-09-23 17:27:51 -> tool  script_read(target_file, should_read_entire_file, start_line_one_indexed, end_line_one_indexed_inclusive)
2026-09-23 17:27:51 <- script_read (0.0s):     78→	return participants[player] == true     79→end     80→     81→function R
2026-09-23 17:28:26 -> tool  script_read(target_file, should_read_entire_file, start_line_one_indexed, end_line_one_indexed_inclusive)
2026-09-23 17:28:26 <- script_read (0.0s):    100→    101→local function snapshot()    102→	local names = {}    103→	for p 
2026-09-23 17:28:34 -> tool  execute_luau(datamodel_type, code)
2026-09-23 17:28:34 <- execute_luau (0.1s): {"ok":true}
2026-09-23 17:28:41 -> tool  script_grep(query)
2026-09-23 17:28:42 <- script_grep (0.0s): Path: StarterPlayer.StarterPlayerScripts.ClientMain | Line: 47 | 	if localState 
2026-09-23 17:28:50 -> tool  execute_luau(datamodel_type, code)
2026-09-23 17:28:50 <- execute_luau (0.1s): {"ok":true,"added":"CountdownBanner"}
2026-09-23 17:28:56 -> tool  script_read(target_file, should_read_entire_file, start_line_one_indexed, end_line_one_indexed_inclusive)
2026-09-23 17:28:57 <- script_read (0.0s):    172→	local bc = Instance.new("UICorner")    173→	bc.CornerRadius = UDim.new(0
2026-09-23 17:29:02 -> tool  script_read(target_file, should_read_entire_file, start_line_one_indexed, end_line_one_indexed_inclusive)
2026-09-23 17:29:02 <- script_read (0.0s):    210→	ROUND_STARTING = "ROUND STARTING",    211→	IN_ROUND = "TIME LEFT",    21
2026-09-23 17:29:10 -> tool  multi_edit(datamodel_type, file_path, edits)
2026-09-23 17:29:11 <- multi_edit (0.1s): Modified UIController (ModuleScript) with 1 edits applied
2026-09-23 17:29:16 -> tool  start_stop_play(is_start)
2026-09-23 17:29:20 <- start_stop_play (3.2s): Game Started
2026-09-23 17:29:25 -> tool  get_console_output()
2026-09-23 17:29:25 <- get_console_output (0.0s): [ServerMain] Dodge the Wall server booted (Studio). cloud_98896107805157.GUIPres
2026-09-23 17:29:31 -> tool  execute_luau(datamodel_type, code)
2026-09-23 17:29:38 <- execute_luau (6.1s)  [SLOW]: {"visible":true,"text":"3"}
2026-09-23 17:29:45 -> tool  execute_luau(datamodel_type, code)
2026-09-23 17:29:45 <- execute_luau (0.1s): {"walkSpeed":16,"jumpPower":50}
2026-09-23 17:29:52 -> tool  execute_luau(datamodel_type, code)
2026-09-23 17:30:04 <- execute_luau (12.1s)  [SLOW]: {"walkSpeed":0,"jumpPower":0}
2026-09-23 17:30:09 -> tool  start_stop_play(is_start)
2026-09-23 17:30:11 <- start_stop_play (1.0s): Game Stopped
2026-09-23 17:30:17 -> tool  multi_edit(datamodel_type, file_path, edits)
2026-09-23 17:30:17 <- multi_edit (0.1s): Modified Memory (ModuleScript) with 1 edits applied
2026-09-23 17:39:50 -> tool  script_read(target_file, should_read_entire_file)
2026-09-23 17:39:50 <- script_read (0.0s):      1→-- PowerConfig: powers, rarities, crate economy.      2→local PowerConfig
2026-09-23 17:40:00 -> tool  multi_edit(datamodel_type, file_path, edits)
2026-09-23 17:40:00 <- multi_edit (0.1s): Modified PowerConfig (ModuleScript) with 1 edits applied
2026-09-23 17:40:06 -> tool  multi_edit(datamodel_type, file_path, edits)
2026-09-23 17:40:07 <- multi_edit (0.1s): Modified PowerConfig (ModuleScript) with 1 edits applied
2026-09-23 17:40:16 -> tool  execute_luau(datamodel_type, code)
2026-09-23 17:40:16 <- execute_luau (0.1s): {"ok":true,"hasRemote":true,"hasBuy":true}
2026-09-23 17:40:22 -> tool  script_read(target_file, should_read_entire_file, start_line_one_indexed, end_line_one_indexed_inclusive)
2026-09-23 17:40:22 <- script_read (0.0s):     30→local activatePowerRemote = remotes:WaitForChild("ActivatePower")     31→
2026-09-23 17:40:29 -> tool  multi_edit(datamodel_type, file_path, edits)
2026-09-23 17:40:30 <- multi_edit (0.1s): Modified ServerMain (Script) with 1 edits applied
2026-09-23 17:40:37 -> tool  multi_edit(datamodel_type, file_path, edits)
2026-09-23 17:40:37 <- multi_edit (0.1s): Modified ServerMain (Script) with 1 edits applied
2026-09-23 17:40:45 -> tool  inspect_instance(path)
2026-09-23 17:40:45 <- inspect_instance (0.0s): {"path":"StarterGui.MainUI.ShopWindow.Body.Content.SpeedBoost","name":"SpeedBoos
2026-09-23 17:40:54 -> tool  execute_luau(datamodel_type, code)
2026-09-23 17:40:54 <- execute_luau (0.1s): {"ok":true,"added":12}
2026-09-23 17:41:04 -> tool  script_read(target_file, should_read_entire_file, start_line_one_indexed, end_line_one_indexed_inclusive)
2026-09-23 17:41:04 <- script_read (0.0s):    355→local function renderInventory()    356→	local any = false    357→	for _,
2026-09-23 17:41:11 -> tool  script_read(target_file, should_read_entire_file, start_line_one_indexed, end_line_one_indexed_inclusive)
2026-09-23 17:41:11 <- script_read (0.0s):    335→	card.Visible = visible    336→end    337→    338→local function renderPo
2026-09-23 17:41:20 -> tool  execute_luau(datamodel_type, code)
2026-09-23 17:41:20 <- execute_luau (0.1s): {"ok":true}
2026-09-23 17:41:27 -> tool  multi_edit(datamodel_type, file_path, edits)
2026-09-23 17:41:27 <- multi_edit (0.1s): Modified UIController (ModuleScript) with 1 edits applied
2026-09-23 17:41:34 -> tool  script_read(target_file, should_read_entire_file, start_line_one_indexed, end_line_one_indexed_inclusive)
2026-09-23 17:41:34 <- script_read (0.0s):    424→		if id then    425→			-- Power info card, no action button.    426→		els
2026-09-23 17:41:41 -> tool  script_read(target_file, should_read_entire_file, start_line_one_indexed, end_line_one_indexed_inclusive)
2026-09-23 17:41:41 <- script_read (0.0s):    415→	if refs.TabPass then refs.TabPass.BackgroundColor3 = (tab == "Pass") and
2026-09-23 17:41:48 -> tool  multi_edit(datamodel_type, file_path, edits)
2026-09-23 17:41:48 <- multi_edit (0.1s): Modified UIController (ModuleScript) with 1 edits applied
2026-09-23 17:41:56 -> tool  start_stop_play(is_start)
2026-09-23 17:41:59 <- start_stop_play (3.2s): Game Started
2026-09-23 17:42:06 -> tool  get_console_output()
2026-09-23 17:42:06 <- get_console_output (0.0s): [ServerMain] Dodge the Wall server booted (Studio). cloud_98896107805157.GUIPres
2026-09-23 17:42:15 -> tool  execute_luau(datamodel_type, code)
2026-09-23 17:42:17 <- execute_luau (2.6s): {"sub":"Common  ·  300 Coins","btnText":"BUY 300"}
2026-09-23 17:42:25 -> tool  execute_luau(datamodel_type, code)
2026-09-23 17:42:25 <- execute_luau (0.1s): {"TimeStop":2500,"SpeedBoost":300,"GhostWalk":2500,"TinyMode":300,"Shield":900,"
2026-09-23 17:42:37 -> tool  start_stop_play(is_start)
2026-09-23 17:42:38 <- start_stop_play (1.0s): Game Stopped
2026-09-23 17:42:45 -> tool  multi_edit(datamodel_type, file_path, edits)
2026-09-23 17:42:45 <- multi_edit (0.1s): Modified Memory (ModuleScript) with 1 edits applied
2026-09-23 17:57:38 -> tool  search_game_tree(datamodel_type, path, keywords, max_depth)
2026-09-23 17:57:38 <- search_game_tree (0.0s): [{"parentName":"Workspace","fullPath":"Workspace.Animation Pack","name":"Animati
2026-09-23 17:57:44 -> tool  inspect_instance(path)
2026-09-23 17:57:44 <- inspect_instance (0.0s): {"path":"Workspace.Animation Pack","name":"Animation Pack","className":"Configur
2026-09-23 17:57:49 -> tool  script_read(target_file, should_read_entire_file)
2026-09-23 17:57:49 <- script_read (0.0s):      1→-- DO NOT SELECT THE PACK MAKING A SQUARE TO MOVE IT, ⚠      2→-- YOU'RE 
2026-09-23 17:57:56 -> tool  search_game_tree(datamodel_type, path, max_depth)
2026-09-23 17:57:56 <- search_game_tree (0.0s): [{"parentName":"Animation Pack","fullPath":"Workspace.Animation Pack.R15","name"
2026-09-23 17:58:02 -> tool  script_read(target_file, should_read_entire_file, start_line_one_indexed, end_line_one_indexed_inclusive)
2026-09-23 17:58:02 <- script_read (0.0s):      1→-- humanoidAnimateR15Moods.lua      2→      3→local Character = script.Pa
2026-09-23 17:58:08 -> tool  script_search(keywords)
2026-09-23 17:58:08 <- script_search (0.0s): Name: Animate | Type: LocalScript | Path: Workspace.Animation Pack.R15.Animate N
2026-09-23 17:58:15 -> tool  script_read(target_file, should_read_entire_file, start_line_one_indexed, end_line_one_indexed_inclusive)
2026-09-23 17:58:15 <- script_read (0.0s):      1→-- PUT IN StarterCharacterScripts      2→-- StarterPlayer ➡️ StarterChara
2026-09-23 17:58:21 -> tool  search_game_tree(datamodel_type, path, max_depth)
2026-09-23 17:58:21 <- search_game_tree (0.0s): [{"parentName":"StarterPlayer","fullPath":"StarterPlayer.StarterCharacterScripts
2026-09-23 17:59:41 -> tool  inspect_instance(path)
2026-09-23 17:59:41 <- inspect_instance (0.0s): {"path":"Workspace.Animation Pack.Animate (OPEN)","name":"Animate (OPEN)","class
2026-09-23 17:59:47 -> tool  execute_luau(datamodel_type, code)
2026-09-23 17:59:47 <- execute_luau (0.1s): {"ok":true,"name":"Animate","children":23}
2026-09-23 17:59:56 -> tool  start_stop_play(is_start)
2026-09-23 18:00:00 <- start_stop_play (3.3s): Game Started
2026-09-23 18:00:06 -> tool  execute_luau(datamodel_type, code)
2026-09-23 18:00:09 <- execute_luau (3.1s): {"hasHumanoid":true,"tracks":3,"hasAnimate":true,"animateChildren":23}
2026-09-23 18:00:15 -> tool  get_console_output()
2026-09-23 18:00:15 <- get_console_output (0.0s): [ServerMain] Dodge the Wall server booted (Studio). cloud_98896107805157.GUIPres
2026-09-23 18:00:21 -> tool  start_stop_play(is_start)
2026-09-23 18:00:23 <- start_stop_play (1.0s): Game Stopped
2026-09-23 18:00:29 -> tool  multi_edit(datamodel_type, file_path, edits)
2026-09-23 18:00:29 <- multi_edit (0.0s): sabuiltin_Assistant.rbxm.Assistant.Packages._Index.AssistantUI.AssistantUI.Tools
2026-09-23 18:00:34 -> tool  script_read(target_file, should_read_entire_file, start_line_one_indexed, end_line_one_indexed_inclusive)
2026-09-23 18:00:34 <- script_read (0.0s):     18→- Arena centred on origin, half-size 70 (140x140). Walls move along X and
2026-09-23 18:00:40 -> tool  multi_edit(datamodel_type, file_path, edits)
2026-09-23 18:00:40 <- multi_edit (0.1s): Modified Memory (ModuleScript) with 1 edits applied
2026-09-23 18:53:46 -> tool  execute_luau(datamodel_type, code)
2026-09-23 18:53:46 <- execute_luau (0.1s): {"ok":true,"length":1201}
2026-09-23 18:53:58 -> tool  execute_luau(datamodel_type, code)
2026-09-23 18:53:58 <- execute_luau (0.1s): {"ok":true,"length":3245}
2026-09-23 18:54:06 -> tool  multi_edit(datamodel_type, file_path, edits)
2026-09-23 18:54:06 <- multi_edit (0.1s): Modified ServerMain (Script) with 1 edits applied
2026-09-23 18:54:14 -> tool  script_read(target_file, should_read_entire_file, start_line_one_indexed, end_line_one_indexed_inclusive)
2026-09-23 18:54:14 <- script_read (0.0s):    355→end    356→    357→local function run()    358→	while true do    359→		--
2026-09-23 18:55:17 -> tool  script_read(target_file, should_read_entire_file, start_line_one_indexed, end_line_one_indexed_inclusive)
2026-09-23 18:55:17 <- script_read (0.0s):    355→end    356→    357→local function run()    358→	while true do    359→		--
2026-09-23 18:55:32 -> tool  script_read(target_file, should_read_entire_file, start_line_one_indexed, end_line_one_indexed_inclusive)
2026-09-23 18:55:32 <- script_read (0.0s):      1→-- RoundService      2→-- The single authority over the round state machi
2026-09-23 18:55:44 -> tool  multi_edit(datamodel_type, file_path, edits)
2026-09-23 18:55:44 <- multi_edit (0.1s): Modified RoundService (ModuleScript) with 1 edits applied
2026-09-23 18:55:54 -> tool  script_read(target_file, should_read_entire_file, start_line_one_indexed, end_line_one_indexed_inclusive)
2026-09-23 18:55:54 <- script_read (0.0s):    380→    381→		setState(RoundService.State.INTERMISSION)    382→		currentTime 
2026-09-23 18:56:00 -> tool  multi_edit(datamodel_type, file_path, edits)
2026-09-23 18:56:00 <- multi_edit (0.1s): Modified RoundService (ModuleScript) with 1 edits applied
2026-09-23 18:56:11 -> tool  execute_luau(datamodel_type, code)
2026-09-23 18:56:11 <- execute_luau (0.1s): {"ok":true,"inserted":true}
2026-09-23 18:56:21 -> tool  execute_luau(datamodel_type, code)
2026-09-23 18:56:21 <- execute_luau (0.1s): {"ok":true,"hasSignal":false}
2026-09-23 18:56:30 -> tool  script_read(target_file, should_read_entire_file, start_line_one_indexed, end_line_one_indexed_inclusive)
2026-09-23 18:56:30 <- script_read (0.0s):     28→     29→RoundService.StateChanged = Signal.new()     30→RoundService.Coun
2026-09-23 18:56:37 -> tool  multi_edit(datamodel_type, file_path, edits)
2026-09-23 18:56:37 <- multi_edit (0.1s): Modified RoundService (ModuleScript) with 1 edits applied
2026-09-23 18:56:44 -> tool  script_read(target_file, should_read_entire_file, start_line_one_indexed, end_line_one_indexed_inclusive)
2026-09-23 18:56:44 <- script_read (0.0s):    455→			if not tick(1) then break end    456→		end    457→		-- Unfreeze everyo
2026-09-23 18:57:52 -> tool  script_grep(query)
2026-09-23 18:57:52 <- script_grep (0.1s): Path: ServerScriptService.Services.WallService | Line: 10 | -- Easy Mode: setRou
2026-09-23 18:58:03 -> tool  execute_luau(datamodel_type, code)
2026-09-23 18:58:03 <- execute_luau (0.1s): {"ok":true,"applied":true}
2026-09-23 18:58:14 -> tool  execute_luau(datamodel_type, code)
2026-09-23 18:58:14 <- execute_luau (0.1s): {"ok":true,"length":2659}
2026-09-23 18:58:20 -> tool  multi_edit(datamodel_type, file_path, edits)
2026-09-23 18:58:20 <- multi_edit (0.1s): Modified RoundService (ModuleScript) with 1 edits applied
2026-09-23 18:58:26 -> tool  script_grep(query)
2026-09-23 18:58:26 <- script_grep (0.0s): Path: ServerScriptService.Services.WallService | Line: 28 | local aliveProvider 
2026-09-23 18:58:31 -> tool  script_read(target_file, should_read_entire_file, start_line_one_indexed, end_line_one_indexed_inclusive)
2026-09-23 18:58:31 <- script_read (0.0s):    236→	resetParticipant(player)    237→	PowerService.clearPlayer(player)    238
2026-09-23 18:58:37 -> tool  script_grep(query)
2026-09-23 18:58:37 <- script_grep (0.0s): Path: ServerScriptService.Services.WallService | Line: 409 | function WallServic
2026-09-23 18:58:42 -> tool  script_read(target_file, should_read_entire_file, start_line_one_indexed, end_line_one_indexed_inclusive)
2026-09-23 18:58:42 <- script_read (0.0s):    265→WallService.HitPlayer:Connect(handleHit)    266→    267→PlayerService.Sta
2026-09-23 18:58:48 -> tool  multi_edit(datamodel_type, file_path, edits)
2026-09-23 18:58:49 <- multi_edit (0.1s): Modified RoundService (ModuleScript) with 1 edits applied
2026-09-23 18:59:00 -> tool  execute_luau(datamodel_type, code)
2026-09-23 18:59:00 <- execute_luau (0.1s): {"ok":true,"gui":"VoteUI"}
2026-09-23 18:59:15 -> tool  execute_luau(datamodel_type, code)
2026-09-23 18:59:15 <- execute_luau (0.1s): {"ok":true,"length":5384}
2026-09-23 18:59:33 -> tool  multi_edit(datamodel_type, file_path, edits)
2026-09-23 18:59:33 <- multi_edit (0.1s): Modified ClientMain (LocalScript) with 1 edits applied
2026-09-23 19:00:13 -> tool  start_stop_play(is_start)
2026-09-23 19:00:16 <- start_stop_play (3.0s): Game Started
2026-09-23 19:01:42 -> tool  get_console_output()
2026-09-23 19:01:42 <- get_console_output (0.0s): [ServerMain] Dodge the Wall server booted (Studio). cloud_98896107805157.GUIPres
2026-09-23 19:01:53 -> tool  start_stop_play(is_start)
2026-09-23 19:01:54 <- start_stop_play (1.0s): Game Stopped
2026-09-23 19:02:01 -> tool  script_read(target_file, should_read_entire_file, start_line_one_indexed, end_line_one_indexed_inclusive)
2026-09-23 19:02:01 <- script_read (0.0s):    380→			end    381→			if not forceStart then continue end    382→		end    383→
2026-09-23 19:02:12 -> tool  execute_luau(datamodel_type, code)
2026-09-23 19:02:12 <- execute_luau (0.1s): {"ok":true,"parallel":true,"hasDur":true}
2026-09-23 19:02:18 -> tool  start_stop_play(is_start)
2026-09-23 19:02:21 <- start_stop_play (3.2s): Game Started
2026-09-23 19:02:26 -> tool  get_console_output()
2026-09-23 19:02:26 <- get_console_output (0.0s): [ServerMain] Dodge the Wall server booted (Studio). cloud_98896107805157.GUIPres
2026-09-23 19:02:33 -> tool  execute_luau(datamodel_type, code)
2026-09-23 19:02:33 <- execute_luau (0.1s): {"visible":true,"hasPanel":true,"hasUI":true,"optionCards":40}
2026-09-23 19:02:40 -> tool  start_stop_play(is_start)
2026-09-23 19:02:41 <- start_stop_play (1.1s): Game Stopped
2026-09-23 19:02:48 -> tool  multi_edit(datamodel_type, file_path, edits)
2026-09-23 19:02:48 <- multi_edit (0.1s): Modified VoteController (ModuleScript) with 1 edits applied
2026-09-23 19:03:07 -> tool  script_read(target_file, should_read_entire_file, start_line_one_indexed, end_line_one_indexed_inclusive)
2026-09-23 19:03:07 <- script_read (0.0s): sabuiltin_Assistant.rbxm.Assistant.Packages._Index.AssistantUI.AssistantUI.Tools
2026-09-23 19:03:13 -> tool  script_read(target_file, should_read_entire_file, start_line_one_indexed, end_line_one_indexed_inclusive)
2026-09-23 19:03:13 <- script_read (0.0s):    110→	t:Play()    111→	t.Completed:Connect(function() panel.Visible = false en
2026-09-23 19:03:21 -> tool  multi_edit(datamodel_type, file_path, edits)
2026-09-23 19:03:21 <- multi_edit (0.1s): Modified VoteController (ModuleScript) with 1 edits applied
2026-09-23 19:03:27 -> tool  start_stop_play(is_start)
2026-09-23 19:03:30 <- start_stop_play (3.2s): Game Started
2026-09-23 19:03:36 -> tool  execute_luau(datamodel_type, code)
2026-09-23 19:03:41 <- execute_luau (5.1s)  [SLOW]: {"cardCount":3,"cards":{"1":"Normal","3":"Chaos","2":"SafeZones"},"visible":true
2026-09-23 19:03:48 -> tool  execute_luau(datamodel_type, code)
2026-09-23 19:03:49 <- execute_luau (1.1s): {"strokeThick":3.5,"chaosCount":"0 votes"}
2026-09-23 19:03:56 -> tool  execute_luau(datamodel_type, code)
2026-09-23 19:03:57 <- execute_luau (0.1s): {"active":false}
2026-09-23 19:04:03 -> tool  get_console_output()
2026-09-23 19:04:03 <- get_console_output (0.0s): [ServerMain] Dodge the Wall server booted (Studio). cloud_98896107805157.GUIPres
2026-09-23 19:04:09 -> tool  start_stop_play(is_start)
2026-09-23 19:04:10 <- start_stop_play (1.0s): Game Stopped
2026-09-23 19:04:18 -> tool  multi_edit(datamodel_type, file_path, edits)
2026-09-23 19:04:18 <- multi_edit (0.1s): Modified Memory (ModuleScript) with 1 edits applied
2026-09-23 19:05:41 -> tool  script_read(target_file, should_read_entire_file, start_line_one_indexed, end_line_one_indexed_inclusive)
2026-09-23 19:05:41 <- script_read (0.0s):     60→     61→local function buildCards(options)     62→	-- Remove any previous
2026-09-23 19:05:47 -> tool  script_read(target_file, should_read_entire_file, start_line_one_indexed, end_line_one_indexed_inclusive)
2026-09-23 19:05:47 <- script_read (0.0s):     44→		counts[modeId] = (counts[modeId] or 0) + 1     45→	end     46→	return c
2026-09-23 19:05:56 -> tool  execute_luau(datamodel_type, code)
2026-09-23 19:05:56 <- execute_luau (0.1s): {"ok":true,"hasVoters":true}
2026-09-23 19:06:10 -> tool  multi_edit(datamodel_type, file_path, edits)
2026-09-23 19:06:10 <- multi_edit (0.1s): Modified VoteController (ModuleScript) with 1 edits applied
2026-09-23 19:06:17 -> tool  multi_edit(datamodel_type, file_path, edits)
2026-09-23 19:06:17 <- multi_edit (0.1s): Modified VoteController (ModuleScript) with 2 edits applied
2026-09-23 19:06:23 -> tool  start_stop_play(is_start)
2026-09-23 19:06:27 <- start_stop_play (3.2s): Game Started
2026-09-23 19:06:34 -> tool  execute_luau(datamodel_type, code)
2026-09-23 19:06:39 <- execute_luau (4.6s): {"SafeZones":1,"Chaos":0,"Normal":0}
2026-09-23 19:06:45 -> tool  screen_capture(capture_id, camera_position, look_at_position)
2026-09-23 19:06:46 <- screen_capture (1.2s): 
2026-09-23 19:06:55 -> tool  start_stop_play(is_start)
2026-09-23 19:06:56 <- start_stop_play (1.0s): Game Stopped
2026-09-23 19:07:03 -> tool  multi_edit(datamodel_type, file_path, edits)
2026-09-23 19:07:03 <- multi_edit (0.1s): Modified Memory (ModuleScript) with 1 edits applied
2026-09-23 19:22:53 -> tool  script_read(target_file, should_read_entire_file)
2026-09-23 19:22:53 <- script_read (0.0s):      1→-- SafeZoneService      2→-- When the "Safe Zones" mode is voted in, spaw
2026-09-23 19:23:09 -> tool  execute_luau(datamodel_type, code)
2026-09-23 19:23:09 <- execute_luau (0.1s): {"ok":true,"length":4007}
2026-09-23 19:23:15 -> tool  start_stop_play(is_start)
2026-09-23 19:23:18 <- start_stop_play (3.1s): Game Started
2026-09-23 19:23:24 -> tool  get_console_output()
2026-09-23 19:23:24 <- get_console_output (0.0s): [ServerMain] Dodge the Wall server booted (Studio). cloud_98896107805157.GUIPres
2026-09-23 19:23:32 -> tool  execute_luau(datamodel_type, code)
2026-09-23 19:23:44 <- execute_luau (11.6s)  [SLOW]: {"enabled":true,"moved":true,"posBefore":"22,-40","pads":4,"posAfter":"21,4"}
2026-09-23 19:23:50 -> tool  start_stop_play(is_start)
2026-09-23 19:23:51 <- start_stop_play (1.1s): Game Stopped
2026-09-23 19:24:55 -> tool  multi_edit(datamodel_type, file_path, edits)
2026-09-23 19:24:55 <- multi_edit (0.1s): Modified Memory (ModuleScript) with 1 edits applied
